content,score,content_contractions
Lebih bagus dari H@lodoc ...... dokternya juga ramah,5,Lebih bagus dari H@lodoc ...... dokternya juga ramah
"The app is good. This 1 star is for your WhatsApp CS, very slow response. Even I got recovered before the CS reply my WA.",1,"The app is good. This 1 star is for your WhatsApp CS, very slow response. Even I got recovered before the CS reply my WA."
Dokter Arief Tri Bowo nya sabar...ğŸ‘ğŸ‘ğŸ‘,5,Dokter Arief Tri Bowo nya sabar...ğŸ‘ğŸ‘ğŸ‘
Cepat disaat butuh. Untuk sakit2 umum bs bgt dipakai,5,Cepat disaat butuh. Untuk sakit2 umum bs bgt dipakai
Ini mstnya bs konsultasi ynya jawab tp kota malah hubungan sama robot. Gejala kita ga ada di pilihan mrk ambil kesimpulan semdiri. Worst telemedicine ever,1,Ini mstnya bs konsultasi ynya jawab tp kota malah hubungan sama robot. Gejala kita ga ada di pilihan mrk ambil kesimpulan semdiri. Worst telemedicine ever
Anehnya setiap kali buat janji pake aladokter dokter nya selalu gak hadir dan gak pernah ada pemberitahuan sebelumnya. Dan ini gak sekali aja ğŸ˜­ğŸ˜­ dongkol gak si ğŸ˜–ğŸ˜– udah jauhÂ² Dateng ke RS nya!,3,Anehnya setiap kali buat janji pake aladokter dokter nya selalu gak hadir dan gak pernah ada pemberitahuan sebelumnya. Dan ini gak sekali aja ğŸ˜­ğŸ˜­ dongkol gak si ğŸ˜–ğŸ˜– udah jauhÂ² Dateng ke RS nya!
Mantab sekali.aplikasi ini. Sangat membantu,5,Mantab sekali.aplikasi ini. Sangat membantu
berbayar. dulu gratis,1,berbayar. dulu gratis
"Pelayanannya untuk beli obat tidak bagus sama sekaLI ... App ini termasuk pelayanan urgent yang artinya menolong orang sakit atau meringankan sakit.. Masa suruh orang tunggu obat besok PAGI baru bisa kirim tidak ada kabar2 sama sekALI...Kalo saya gak tanya gak diinfo tuh... Keburu orang sakit parah... PARAH BANGET SISTEMNYA ... GAK BISA BATAL TAPI GAK BISA NOLONG... SUDAH ITU JAM 11 PAGI AJA OBATNYA AJA BELUM DIKIRIM...JANGAN KERJASAMA APOTIK MALL.. MERUGIKAN SAYA, HARUS BELI 2x.",1,"Pelayanannya untuk beli obat tidak bagus sama sekaLI ... App ini termasuk pelayanan urgent yang artinya menolong orang sakit atau meringankan sakit.. Masa suruh orang tunggu obat besok PAGI baru bisa kirim tidak ada kabar2 sama sekALI...Kalo saya gak tanya gak diinfo tuh... Keburu orang sakit parah... PARAH BANGET SISTEMNYA ... GAK BISA BATAL TAPI GAK BISA NOLONG... SUDAH ITU JAM 11 PAGI AJA OBATNYA AJA BELUM DIKIRIM...JANGAN KERJASAMA APOTIK MALL.. MERUGIKAN SAYA, HARUS BELI 2x."
"Sampai saat ini, saya masih menyukai ""alodokter"". Tapi saya mau tanya. Bagaimana caranya ""Buat Pertanyaan"" di alodokter? Dulu saat saya klik ""Buat Pertanyaan"" langsung muncul kolom untuk mengetik pertanyaan, setelah itu tinggal ""post"". Tapi sekarang, saat saya klik ""Buat Pertanyaan"" kenapa selalu diarahkan untuk install aplikasi alodokter di playstore. Sedangkan saya memang enggan menginstall banyak aplikasi. Apakah aturannya memang sudah berubah? Mohon infonya.",5,"Sampai saat ini, saya masih menyukai ""alodokter"". Tapi saya mau tanya. Bagaimana caranya ""Buat Pertanyaan"" di alodokter? Dulu saat saya klik ""Buat Pertanyaan"" langsung muncul kolom untuk mengetik pertanyaan, setelah itu tinggal ""post"". Tapi sekarang, saat saya klik ""Buat Pertanyaan"" kenapa selalu diarahkan untuk install aplikasi alodokter di playstore. Sedangkan saya memang enggan menginstall banyak aplikasi. Apakah aturannya memang sudah berubah? Mohon infonya."
Good application very helpful. Thanks Alodokter,5,Good application very helpful. Thanks Alodokter
"HATI2 HIDDEN FEES! Pake alodokter daftar dr lebih mahal 50% drpd daftar langsung ke dr/RS.Sblm daftar lewat alodokter,aku cek ke RS biaya dr nya 130rb n disuruh dtg 1 jam lbh awal utk registrasi.Aku cek di alodokter biaya dr yg sama di RS tsb cuma 125rb.Jd aku daftar lewat alodokter.Trnyt stlh daftar,disuruh dtg 30 menit sblmnya.Sampai RS tetap hrs registrasi n nunggu antrian 1 jam.Pas keluar tagihan disuruh bayar 190.500,bukan 125rb.Lbh mahal 60.500 dari daftar lgs ke dr/RS.GA ADA BENEFIT APA2",1,"HATI2 HIDDEN FEES! Pake alodokter daftar dr lebih mahal 50% drpd daftar langsung ke dr/RS.Sblm daftar lewat alodokter,aku cek ke RS biaya dr nya 130rb n disuruh dtg 1 jam lbh awal utk registrasi.Aku cek di alodokter biaya dr yg sama di RS tsb cuma 125rb.Jd aku daftar lewat alodokter.Trnyt stlh daftar,disuruh dtg 30 menit sblmnya.Sampai RS tetap hrs registrasi n nunggu antrian 1 jam.Pas keluar tagihan disuruh bayar 190.500,bukan 125rb.Lbh mahal 60.500 dari daftar lgs ke dr/RS.GA ADA BENEFIT APA2"
Quick answer and helpful,5,Quick answer and helpful
Saya salah ngira kirain opsi anter aja itu dipake krn apa.. taunya ngambil dari apotek terdekatnya di JAKARTA SELATAN padahal saya di Bandung.. mana nggak bisa diubah opsi apoteknya..,4,Saya salah ngira kirain opsi anter aja itu dipake krn apa.. taunya ngambil dari apotek terdekatnya di JAKARTA SELATAN padahal saya di Bandung.. mana nggak bisa diubah opsi apoteknya..
"Janji temu dokter dibatalkan tiba-tiba dengan alasan kuota penuh. Kalau emang kuota penuh kenapa tanggal tersebut masih bisa dibook? Harusnya close book aja dong kalau emang udah penuh, biar nggak pembatalan tiba-tiba gini",1,"Janji temu dokter dibatalkan tiba-tiba dengan alasan kuota penuh. Kalau emang kuota penuh kenapa tanggal tersebut masih bisa dibook? Harusnya close book aja dong kalau emang udah penuh, biar nggak pembatalan tiba-tiba gini"
Thank you Dr. Reno. Sangat membantu,5,Thank you Dr. Reno. Sangat membantu
Terima kasih Dok,5,Terima kasih Dok
"Dokternya fast respon walaupun saya chatnya di jam"" rawan",5,"Dokternya fast respon walaupun saya chatnya di jam"" rawan"
"Aplikasi rusak, pesen malem2, udah bayar pake ovo tapi pembayaran diproses terus sampe besok siangnya. Di chat costumer service nya pun cuma direspon mau konfirmasi dulu doang terus udah gaada lanjutannya plus slow respon bangett2. Sampe akhirnya kurirnya nelfon karna udah sampe ditempat tujuan yang padahal saya udah ga disitu lagi. Minta refund tapi kalo udh dianter mau gmn, kasihan jg kurirnya. Tolong lah ya ditingkatkan lagi dari segi aplikasi dan cs nya.",1,"Aplikasi rusak, pesen malem2, udah bayar pake ovo tapi pembayaran diproses terus sampe besok siangnya. Di chat costumer service nya pun cuma direspon mau konfirmasi dulu doang terus udah gaada lanjutannya plus slow respon bangett2. Sampe akhirnya kurirnya nelfon karna udah sampe ditempat tujuan yang padahal saya udah ga disitu lagi. Minta refund tapi kalo udh dianter mau gmn, kasihan jg kurirnya. Tolong lah ya ditingkatkan lagi dari segi aplikasi dan cs nya."
Waktu tunggu cukup lama,3,Waktu tunggu cukup lama
"bikin janji online, waktu ke rs dokternya ga sesuai, terus beberapa hari kemudian tiba2 dapat wa ada tunggakan dan disuruh bayar, padahal di app ga ada info biaya booking, aneh sekali",1,"bikin janji online, waktu ke rs dokternya ga sesuai, terus beberapa hari kemudian tiba2 dapat wa ada tunggakan dan disuruh bayar, padahal di app ga ada info biaya booking, aneh sekali"
12 jam menunggu obat tidak datangÂ². Komplain jawaban spt robot dan tidak ada jawaban jelas. Hub pihak terkait dari pagi padahal sudah dikomplain sampai siang jawaban masih spt itu saja... Masa pengantaran instant selama itu. Tidak seprofesional Halodoc.,1,12 jam menunggu obat tidak datangÂ². Komplain jawaban spt robot dan tidak ada jawaban jelas. Hub pihak terkait dari pagi padahal sudah dikomplain sampai siang jawaban masih spt itu saja... Masa pengantaran instant selama itu. Tidak seprofesional Halodoc.
"data bocor dalam hitungan hari, langsung ditelpon penipu asuransi mengatasnamakan aplikasi, isu yang sam dialami hampir semua pengguna, nggak aman, permintaan penutupan akun ditolak mentah-mentah padahal hak pengguna yang dilindungi undang-undang, disayangkan",1,"data bocor dalam hitungan hari, langsung ditelpon penipu asuransi mengatasnamakan aplikasi, isu yang sam dialami hampir semua pengguna, nggak aman, permintaan penutupan akun ditolak mentah-mentah padahal hak pengguna yang dilindungi undang-undang, disayangkan"
Terbaik Sangat membantu,5,Terbaik Sangat membantu
Aplikasinya bagus. Sayang tidak ada pilihan dokter olah raga (SpKO) pada menu konsultasi.,5,Aplikasinya bagus. Sayang tidak ada pilihan dokter olah raga (SpKO) pada menu konsultasi.
Terimakasih sudah mengambil duit saya perbulan tanpa sepengetahuan saya.. untuk sales alo doct tolong diberitahu untuk lebih informatif ke planggan niat awal membantu untuk nutup deadline sales. Setelah 1tahun membayar saya merasa dirugikat ter auto debet tanpa sepengetahuan...,1,Terimakasih sudah mengambil duit saya perbulan tanpa sepengetahuan saya.. untuk sales alo doct tolong diberitahu untuk lebih informatif ke planggan niat awal membantu untuk nutup deadline sales. Setelah 1tahun membayar saya merasa dirugikat ter auto debet tanpa sepengetahuan...
Bgs syg udh mahal konsul nya,5,Bgs syg udh mahal konsul nya
Sangat membantu setiap keluhan,5,Sangat membantu setiap keluhan
Aplikasinya bagus tingkatkaan terus alodok,5,Aplikasinya bagus tingkatkaan terus alodok
Sangat berguna dan jelas,5,Sangat berguna dan jelas
"aplikasi yang ok, dokternya juga siap sedia melayani pasien.",5,"aplikasi yang ok, dokternya juga siap sedia melayani pasien."
"Sangat membantu sekali, dr nya ramah2",5,"Sangat membantu sekali, dr nya ramah2"
Terima kasih dokter Vanda.. ğŸ™‚ğŸ‘ğŸ™,5,Terima kasih dokter Vanda.. ğŸ™‚ğŸ‘ğŸ™
Very bad apps,1,Very bad apps
"Oke, sangat membantu",5,"Oke, sangat membantu"
Easy to use,5,Easy to use
Orang lagi sakit tapi menunggu obatnya lama,1,Orang lagi sakit tapi menunggu obatnya lama
"Sangat membantu deh, cuma kok kurang interaktif ya dengan dokternya walaupun bayarnya murah hehehe",5,"Sangat membantu deh, cuma kok kurang interaktif ya dengan dokternya walaupun bayarnya murah hehehe"
Aplikasi dokter paling simple menurut saya.,5,Aplikasi dokter paling simple menurut saya.
Practise doesn't always mean accurate,3,Practise does not always mean accurate
Fast respon dan recommended serta simple tanpa harus repot - repot,5,Fast respon dan recommended serta simple tanpa harus repot - repot
"tdk bisa bertanya/chat dr, males ah",1,"tdk bisa bertanya/chat dr, males ah"
"Easy to use, and good UIX",5,"Easy to use, and good UIX"
"Would be better if the app have feature to download invoice, doctor's prescription, and diagnose.",3,"Would be better if the app have feature to download invoice, doctor's prescription, and diagnose."
Cepat dan mudah,5,Cepat dan mudah
"quick response, very2 good ğŸ‘ğŸ‘",5,"quick response, very2 good ğŸ‘ğŸ‘"
"Helpful, eventhoigh the features need to be learned but the doctor that online, are fast reaction than other health telemedicine operator",5,"Helpful, eventhoigh the features need to be learned but the doctor that online, are fast reaction than other health telemedicine operator"
Mantap cepet respon dokternya..terimakasih,5,Mantap cepet respon dokternya..terimakasih
Love ğŸ˜˜â¤ï¸ğŸ˜˜ u,5,Love ğŸ˜˜â¤ï¸ğŸ˜˜ you
"2 kali menerbitkan janji konsultasi yang keduanya belum disetujui mitra RS. Terdapat satu janji konsultasi yang masuk dalam histori konsultasi, padahal tidak jadi konsultasi karena begitu tidak jelasnya informasi antara perusahaan dengan mitra RS. Sekarang, histori konsultasi di akun saya jadi berantakan.",1,"2 kali menerbitkan janji konsultasi yang keduanya belum disetujui mitra RS. Terdapat satu janji konsultasi yang masuk dalam histori konsultasi, padahal tidak jadi konsultasi karena begitu tidak jelasnya informasi antara perusahaan dengan mitra RS. Sekarang, histori konsultasi di akun saya jadi berantakan."
"Saya support aplikasi seperti ini, tapi sebagai masukan saja agar bisa lebih terintegrasi lagi saja untuk data2 yg disubmit, karena sepanjang proses dari awal registrasi sampai chat dengan dokter itu beberapa kali ditanyain data diri..",5,"Saya support aplikasi seperti ini, tapi sebagai masukan saja agar bisa lebih terintegrasi lagi saja untuk data2 yg disubmit, karena sepanjang proses dari awal registrasi sampai chat dengan dokter itu beberapa kali ditanyain data diri.."
"Dikasih vocher gratis konsultasi, tapi pas dipake tiba2 chat diselesaikan gt aja alasannya tdk ada respon, padahal kolom utk respon tdk tersedia. Mau nipu2, mending dari awal bilang aja minta bayaran. Bagusan alodoc sii lebih responsif..",1,"Dikasih vocher gratis konsultasi, tapi pas dipake tiba2 chat diselesaikan gt aja alasannya tdk ada respon, padahal kolom utk respon tdk tersedia. Mau nipu2, mending dari awal bilang aja minta bayaran. Bagusan alodoc sii lebih responsif.."
"Very helpful, specially in pandemic",5,"Very helpful, specially in pandemic"
"Berguna, at least untuk screening awal",5,"Berguna, at least untuk screening awal"
"Saran saya, untuk konsultasi diberikan waiting list. Jadi tidak cepat cepatan untuk mengechat dokternya. Terimakasih",4,"Saran saya, untuk konsultasi diberikan waiting list. Jadi tidak cepat cepatan untuk mengechat dokternya. Terimakasih"
"Kagak langganan apa-apa tiba-tiba rekening kesedot sendiri, kocak",1,"Kagak langganan apa-apa tiba-tiba rekening kesedot sendiri, kocak"
Helpful even at night time.,5,Helpful even at night time.
"Saya pasien Isoman, lalu memilih dokter umum.saya hanya minta digital resep saja, agar dapat d claim ke Kemenkes.saya memasukkan data2 lengkap ketika register dan bukti2 pendukung.lalu setelah memilih dokter, di minta lagi data2 yg sama.dan balasan dokter tersebut seperti standar telah d setup.sepertinya yg balas adalah AI robot bukan manusia.karena saya tidak segera membalas.eh chat nya di tutup.ğŸ¤£ğŸ¤£ lalu, sy tidak bisa lg untuk follow up..silahkan gunakan apps ini utk konsul dgn ALOROBOT ğŸ¤–",1,"Saya pasien Isoman, lalu memilih dokter umum.saya hanya minta digital resep saja, agar dapat d claim ke Kemenkes.saya memasukkan data2 lengkap ketika register dan bukti2 pendukung.lalu setelah memilih dokter, di minta lagi data2 yg sama.dan balasan dokter tersebut seperti standar telah d setup.sepertinya yg balas adalah AI robot bukan manusia.karena saya tidak segera membalas.eh chat nya di tutup.ğŸ¤£ğŸ¤£ lalu, sy tidak bisa lg untuk follow up..silahkan gunakan apps ini utk konsul dgn ALOROBOT ğŸ¤–"
"very helpful, thank you",5,"very helpful, thank you"
sangat membantu. khususnya yang terkena covid.,5,sangat membantu. khususnya yang terkena covid.
"Mendaftar utk mendapat layanan isoman kemenkes tapi mendaftar berulang kali di link alodokter, tetap disuruh daftar lagi tanpa ada kode konsultasi dokter. Padahal saya bth utk pengobatan covid. Sangat mengecewakan.",1,"Mendaftar utk mendapat layanan isoman kemenkes tapi mendaftar berulang kali di link alodokter, tetap disuruh daftar lagi tanpa ada kode konsultasi dokter. Padahal saya bth utk pengobatan covid. Sangat mengecewakan."
"Orang lagi sakit, banyak betul yg harus dilengkapinya saat konsultasi (chatting). Ada jg yg hrs melampirkan bukti screenshoot dari dokumen lain, dsbnya. Saat nulis chat aja juga udh pusing. Pdhl harusnya interkoneksi aja dengan Kemenkes dan Peduli Lindungi, semua dataÂ² kan sudah ada disitu.",2,"Orang lagi sakit, banyak betul yg harus dilengkapinya saat konsultasi (chatting). Ada jg yg hrs melampirkan bukti screenshoot dari dokumen lain, dsbnya. Saat nulis chat aja juga udh pusing. Pdhl harusnya interkoneksi aja dengan Kemenkes dan Peduli Lindungi, semua dataÂ² kan sudah ada disitu."
App ini sangat membantu dan respon cepat utk dokternya.,5,App ini sangat membantu dan respon cepat utk dokternya.
"Terimakasih, layanannya bagus walaupun diskon fasilitas isoman dr pemerintah tdk bs digunakan, tulisannya dokter penuh padahal pas pilih bayar langsung bisa haha",5,"Terimakasih, layanannya bagus walaupun diskon fasilitas isoman dr pemerintah tdk bs digunakan, tulisannya dokter penuh padahal pas pilih bayar langsung bisa haha"
Easier and cheaper but useful..,4,Easier and cheaper but useful..
Jawaban dari dokternya jelas dan sesuai dengan pertanyaan yang diajukan.,5,Jawaban dari dokternya jelas dan sesuai dengan pertanyaan yang diajukan.
"Dokter sangat membantu, penjelasan sangat jelas. Sukses terus Dok.",5,"Dokter sangat membantu, penjelasan sangat jelas. Sukses terus Dok."
Sangat puas dgn penjelasan dr Muhammad Hari Nandi Pinto Sp.P Penjelasan nya sangat detail,5,Sangat puas dgn penjelasan dr Muhammad Hari Nandi Pinto Sp.P Penjelasan nya sangat detail
Informasinya dan konsultasinya jelas dan mudah,5,Informasinya dan konsultasinya jelas dan mudah
Ditanya ckp detail. Info ckp jelas. Jd ga panik sy nya.,5,Ditanya ckp detail. Info ckp jelas. Jd ga panik sy nya.
Aplikasi tidak berguna Baiknya diuninstallsaja,1,Aplikasi tidak berguna Baiknya diuninstallsaja
responsif dan helpfull,5,responsif dan helpfull
Mudah digunakan dan membantu sekali,5,Mudah digunakan dan membantu sekali
Nice apps ğŸ‘,5,Nice apps ğŸ‘
Apps nya sangat membantu,5,Apps nya sangat membantu
Simple to use for health consulting,4,Simple to use for health consulting
Setelah nunggu lama baru muncul chat manualnya...,3,Setelah nunggu lama baru muncul chat manualnya...
Biaya terjangkau. Tenaga medis capable.,5,Biaya terjangkau. Tenaga medis capable.
Fast Respon and clear information,5,Fast Respon and clear information
"Katanya gratis jika pasien COVID memakai kode vocer. Namun kode vocer yg diberikan selalu mengatakan kapasitas dokter penuh jika digunakan ke dokter mana saja. Namun begitu saya menggunakan fasilitas bayar sendiri di dokter2 tsb, langsung bisa masuk.. Terus terang saya kecewa.. akan coba saya laporkan hal ini ke Kemenkes.",1,"Katanya gratis jika pasien COVID memakai kode vocer. Namun kode vocer yg diberikan selalu mengatakan kapasitas dokter penuh jika digunakan ke dokter mana saja. Namun begitu saya menggunakan fasilitas bayar sendiri di dokter2 tsb, langsung bisa masuk.. Terus terang saya kecewa.. akan coba saya laporkan hal ini ke Kemenkes."
"Dapet promo tapi penuh terus,jdnya jdnya bayar pribadi",4,"Dapet promo tapi penuh terus,jdnya jdnya bayar pribadi"
"Nice. Langsung dpt jwban, walaupun app nya nge lag bgt. Mungkin bs diimprove di situ. Thx",4,"Nice. Langsung dpt jwban, walaupun app nya nge lag bgt. Mungkin bs diimprove di situ. Thanks"
Solusi daripada ngantri ke dokter,5,Solusi daripada ngantri ke dokter
tidak mengeluarkan surat dokter,1,tidak mengeluarkan surat dokter
Respo Respon sangat cepat,5,Respo Respon sangat cepat
Fast and accurate. Thank you Alodokter (dr.Tea),5,Fast and accurate. Thank you Alodokter (dr.Tea)
I don't understand why this app can't be opened?,2,I do not understand why this app cannot be opened?
"Mohon dievaluasi. Sebelum bayar status dokter online, setelah melakukan pembayaran malah sibuk.",3,"Mohon dievaluasi. Sebelum bayar status dokter online, setelah melakukan pembayaran malah sibuk."
Good. Fiturnya mudah digunakan,5,Good. Fiturnya mudah digunakan
"Kalau pakai voucher yg di WA alodokter dokternya sibuk semua, pas bayar dokternya banyak yg available, ya kita tau semuanya butuh uang ğŸ¤­ tapi makasihlah sudah sedikit membantu",5,"Kalau pakai voucher yg di WA alodokter dokternya sibuk semua, pas bayar dokternya banyak yg available, ya kita tau semuanya butuh uang ğŸ¤­ tapi makasihlah sudah sedikit membantu"
Pernah make beberapa kali untuk daftar dokter dan konsultasi via chat.. aplikasi mudah dgunakan,5,Pernah make beberapa kali untuk daftar dokter dan konsultasi via chat.. aplikasi mudah dgunakan
excellent consultation session.,5,excellent consultation session.
Sgt membantu sekali jika dalam keadaan darurat,5,Sgt membantu sekali jika dalam keadaan darurat
Gak bisa chat layanan isoman,1,Gak bisa chat layanan isoman
Sudah di bayar. Dokternya sibuk terus. Sampai dokternya online ga bisa chat. Mau chat dokter lain ga available. Duitnya terbuang gitu aja.,1,Sudah di bayar. Dokternya sibuk terus. Sampai dokternya online ga bisa chat. Mau chat dokter lain ga available. Duitnya terbuang gitu aja.
"Pesen obat diaplikiasi, setelah bayar lgsg ditolak. Kalo ga tersedia lebih baik tulis tidak tersedia. Biar ga perlu bayar dan ngurus refund.",1,"Pesen obat diaplikiasi, setelah bayar lgsg ditolak. Kalo ga tersedia lebih baik tulis tidak tersedia. Biar ga perlu bayar dan ngurus refund."
Bagus dan membantu,5,Bagus dan membantu
I had an experience to consult with one of the general doctor. She is very responsive. Nice,5,I had an experience to consult with one of the general doctor. She is very responsive. Nice
Ada penipu di alodokter yang tiba2 menanyakan ktp nama identitas penting dan menawarkan asuransi. Udh begitu sejak 2 tahun lalu. Pinter sekali penipunya orang dalam ğŸ™‚,1,Ada penipu di alodokter yang tiba2 menanyakan ktp nama identitas penting dan menawarkan asuransi. Udh begitu sejak 2 tahun lalu. Pinter sekali penipunya orang dalam ğŸ™‚
"Sangat membantu sekali. Terima kasih, dokter",5,"Sangat membantu sekali. Terima kasih, dokter"
"dokter menolak memberikan resep dan menyarankan untuk mengunjungi dokter umum terdekat. setelah diprotes keras baru memberikan resep. obat tidak kunjung dikirim, dan ketika diprotes, pihak alodokter berdalih pesanan tidak dapat dibatalkan. jika memang tidak dapat dibatalkan, kenapa tidak kunjung dikirim? sungguh pengalaman terburuk selama sakit",1,"dokter menolak memberikan resep dan menyarankan untuk mengunjungi dokter umum terdekat. setelah diprotes keras baru memberikan resep. obat tidak kunjung dikirim, dan ketika diprotes, pihak alodokter berdalih pesanan tidak dapat dibatalkan. jika memang tidak dapat dibatalkan, kenapa tidak kunjung dikirim? sungguh pengalaman terburuk selama sakit"
"Mudah, cepat, murah, efektif. Terimakasih",5,"Mudah, cepat, murah, efektif. Terimakasih"
Aplikasi bagus dan sangat membantu,5,Aplikasi bagus dan sangat membantu
Cukup membantu Kalo bisa sih ada video call nya biar lebih enak konsulnya,4,Cukup membantu Kalo bisa sih ada video call nya biar lebih enak konsulnya
Convenient and easy.,5,Convenient and easy.
"Saya mencoba fitur membeli obat langsung setelah konsul dgn dokter. Karena apotek sekitar sy tidak menjual obat tsb. Tapi obat tersebut sudah terlambat 2 hr dari estimasi pengiriman. Untuk pengiriman standarnya 5hr. Bayangkan sudah 7 hari sy menunggu obat tersebut. Pdhl sy sangat membutuhkannya. Setelah sy komplain sana sini, sy d suru menunggu lagi 3 hari. Total sy hrs menunggu 10 hari. Pelayanan jasa pengiriman AnterAja sangat mengecewakan. Tolong pikirkan juga pasien",2,"Saya mencoba fitur membeli obat langsung setelah konsul dgn dokter. Karena apotek sekitar sy tidak menjual obat tsb. Tapi obat tersebut sudah terlambat 2 hr dari estimasi pengiriman. Untuk pengiriman standarnya 5hr. Bayangkan sudah 7 hari sy menunggu obat tersebut. Pdhl sy sangat membutuhkannya. Setelah sy komplain sana sini, sy d suru menunggu lagi 3 hari. Total sy hrs menunggu 10 hari. Pelayanan jasa pengiriman AnterAja sangat mengecewakan. Tolong pikirkan juga pasien"
Memudahkan konsultasi dokter,5,Memudahkan konsultasi dokter
"Cepat respons, jelas dan sangat membantu krn di chat pada pukul 1.40 am Tks dokter....",5,"Cepat respons, jelas dan sangat membantu krn di chat pada pukul 1.40 am Tks dokter...."
"Pelayanan ramah dan pemberian informasi yg dibutuhkan, jelas",5,"Pelayanan ramah dan pemberian informasi yg dibutuhkan, jelas"
Praktis dan efisien,5,Praktis dan efisien
Dokternya memberikan informasi yg salah dan tidak up to date.,1,Dokternya memberikan informasi yg salah dan tidak up to date.
Layanan dokternya sangat cepat,5,Layanan dokternya sangat cepat
Dokter sangat responsif dan penjelasan detail,5,Dokter sangat responsif dan penjelasan detail
"Because of there is no payment system from the application itself, the price of the doctors can actually be more expensive than what Alodokter has inform, just like my experience where Alodokter told to pay only 75k, but when i actually want to pay after the consult, it rise up to 110k (100k/consult+10k admin fee). This is so embarrassing where at that time i only bring 100k and didnt have more exchange, i hope this can be reviewed and changed in the future.",3,"Because of there is no payment system from the application itself, the price of the doctors can actually be more expensive than what Alodokter has inform, just like my experience where Alodokter told to pay only 75k, but when i actually want to pay after the consult, it rise up to 110k (100k/consult+10k admin fee). This is so embarrassing where at that time i only bring 100k and did not have more exchange, i hope this can be reviewed and changed in the future."
"Very helpful, fast respons.. mantaabb",5,"Very helpful, fast respons.. mantaabb"
"sinting disuruh nunggu 4 kurir yang beli obat di 4,apotrk berbeda.",2,"sinting disuruh nunggu 4 kurir yang beli obat di 4,apotrk berbeda."
Sangat membantu skali untuk konsultasi masalah kesehatan,5,Sangat membantu skali untuk konsultasi masalah kesehatan
Tarifnya bersaing. Dokternya ramah. Terima kasih Alodokter.,5,Tarifnya bersaing. Dokternya ramah. Terima kasih Alodokter.
"Seharusnya telemedicine gratis karena rekan kemenkes, tapi setiap kode untuk telemedicine dipakai selalu penuh. Begitu diganti layanan berbayar langsung ada slot. Memalukan.",1,"Seharusnya telemedicine gratis karena rekan kemenkes, tapi setiap kode untuk telemedicine dipakai selalu penuh. Begitu diganti layanan berbayar langsung ada slot. Memalukan."
"Bagus bgt, cuma utk awal2 saya takut krna disuruh paksa premium, ditelponin mulu udh kaya debt collector mau nagih hutang. Pls jgn gt lagi ya, kalo mau promosi utk premium gausah segitunya bgt, ngeganggu parah soalnya, apalagi utk org yg parnoan kyk saya",5,"Bagus bgt, cuma utk awal2 saya takut krna disuruh paksa premium, ditelponin mulu udh kaya debt collector mau nagih hutang. Pls jgn gt lagi ya, kalo mau promosi utk premium gausah segitunya bgt, ngeganggu parah soalnya, apalagi utk org yg parnoan kyk saya"
Respon dokter umum cepat dan akurat,5,Respon dokter umum cepat dan akurat
Aplikasi ini sangat membantu,5,Aplikasi ini sangat membantu
very helpfull and informative,5,very helpfull and informative
Sangat membantu utk mendapatkan telemedisin. Terima kasih,5,Sangat membantu utk mendapatkan telemedisin. Terima kasih
"proses pembelian obat ribet dan LAMA padahal kan itu obat, kalau nunggu nunggu ya mendingan ga usah makan obat sekalian. mana minta update rinci ga dikasih, super kecewa.",1,"proses pembelian obat ribet dan LAMA padahal kan itu obat, kalau nunggu nunggu ya mendingan ga usah makan obat sekalian. mana minta update rinci ga dikasih, super kecewa."
"Membantu tp membingungkan kl koneksi internet tdk bagus shg org berpikir tdk bisa, n pencet2 tombol lain",3,"Membantu tp membingungkan kl koneksi internet tdk bagus shg org berpikir tdk bisa, n pencet2 tombol lain"
Sangat detail jawabannya...,5,Sangat detail jawabannya...
Aplikasi nya cukup mudah di pakai.. respon dokter nya OK,5,Aplikasi nya cukup mudah di pakai.. respon dokter nya OK
Respon dokter cepat dan jawaban memuaskan. Terima kasih,5,Respon dokter cepat dan jawaban memuaskan. Terima kasih
"Maaf tapi kecewa sama pelayanannya, CS nya nggak responsif Dokter nya juga awalnya online, sudah bayar dan chat ternyata offline, kemudian ganti dokter juga sama beliau tidak merespon chat saya. Saya tunggu sehari kemudian, tidak ada jawaban dan chat diakhiri begitu saja, memang sih saya bayar mungkin nggak seberapa, tapi saya ga dapat apapun, seperti bayar 45.000 secara cuma2 buat sedekah ğŸ˜Š",1,"Maaf tapi kecewa sama pelayanannya, CS nya nggak responsif Dokter nya juga awalnya online, sudah bayar dan chat ternyata offline, kemudian ganti dokter juga sama beliau tidak merespon chat saya. Saya tunggu sehari kemudian, tidak ada jawaban dan chat diakhiri begitu saja, memang sih saya bayar mungkin nggak seberapa, tapi saya ga dapat apapun, seperti bayar 45.000 secara cuma2 buat sedekah ğŸ˜Š"
"Dokternya selalu ontime, caring dan tepat solusinya..lengkap.. ada psikolog dan vet juga. Saat kena omicron membantu sekali..tks Alodokter..tetap pertahankan ya.",5,"Dokternya selalu ontime, caring dan tepat solusinya..lengkap.. ada psikolog dan vet juga. Saat kena omicron membantu sekali..tks Alodokter..tetap pertahankan ya."
"Dlu gratis, sekarang bayar...",1,"Dlu gratis, sekarang bayar..."
Dokter responsif dan penjelasan mudah dimengerti. Thank you,5,Dokter responsif dan penjelasan mudah dimengerti. Thank you
Users friendly. Not complicated.,5,Users friendly. Not complicated.
Respon chat terlalu lama,1,Respon chat terlalu lama
"Banyak mitra, dan hampir setiap waktu tersedia Spesialis yang umum lengkap",5,"Banyak mitra, dan hampir setiap waktu tersedia Spesialis yang umum lengkap"
You can do it !,5,You can do it !
Repondnya cukup cepat dan lancar,5,Repondnya cukup cepat dan lancar
"Gabisa ngasih bintang 0, gara gara u saldo bca gw autodebet terus dah",1,"Gabisa ngasih bintang 0, gara gara you saldo bca gw autodebet terus dah"
"First time transaksi dan pembayaran 1 gagal krn informasi cara pembayarannya hanya ada sebelum klik bayar saja. Chat dokternya lama balasnya jadi saat saya back, bingung chat yang tadi ada di mana dan saya klik transaksi itu tidak ada proses link ke inbox nya, sempet lama untuk cari inbox. UI/UX tidak friendly. Tidak ada surat sakit",2,"First time transaksi dan pembayaran 1 gagal krn informasi cara pembayarannya hanya ada sebelum klik bayar saja. Chat dokternya lama balasnya jadi saat saya back, bingung chat yang tadi ada di mana dan saya klik transaksi itu tidak ada proses link ke inbox nya, sempet lama untuk cari inbox. UI/UX tidak friendly. Tidak ada surat sakit"
Harusnya dalam informasi biaya itu harus jelas dan rinci,1,Harusnya dalam informasi biaya itu harus jelas dan rinci
Sangat membantu dan dapat dokter yg sangat informatif,5,Sangat membantu dan dapat dokter yg sangat informatif
This app is really helping me,5,This app is really helping me
Aplikasinya sangat membantu sekali. Terima kasih alodokter,5,Aplikasinya sangat membantu sekali. Terima kasih alodokter
"Ini apa sih gajelas bgt sumpah masa chat ama dokter umum gabisa nanya2 kyk dipaksa jawab iya atas pilihan yg ditawarkan ketika salah klik ga bisa rewind ujung2nya menunggu rekomendasi dari dokter, masi gw tinggu titik-titiknya, mending bayar nya dinaikin aja udh, sok murah tp gabebas tanyajawab",2,"Ini apa sih gajelas bgt sumpah masa chat ama dokter umum gabisa nanya2 kyk dipaksa jawab iya atas pilihan yg ditawarkan ketika salah klik ga bisa rewind ujung2nya menunggu rekomendasi dari dokter, masi gw tinggu titik-titiknya, mending bayar nya dinaikin aja udh, sok murah tp gabebas tanyajawab"
"Unuseful, waiting for the Doctor for 2 hours without any information",1,"Unuseful, waiting for the Doctor for 2 hours without any information"
bagus dan dokternya fast response,5,bagus dan dokternya fast response
Thx doc .,5,Thanks doc .
"Aplikasi Alodokter sangat membantu, dokter2nya ramah2, cepat tanggap dan berkompeten semua. Terima kasih Alodokter",5,"Aplikasi Alodokter sangat membantu, dokter2nya ramah2, cepat tanggap dan berkompeten semua. Terima kasih Alodokter"
Helpful alot for emergency situation,5,Helpful alot for emergency situation
Perut saya setiap habis  makan terus Sakit lala buang air besÃ¤t,5,Perut saya setiap habis  makan terus Sakit lala buang air besÃ¤t
Sangat membantu sekali apps nya,5,Sangat membantu sekali apps nya
Mohon maaf kalo untuk riwayat berobat dulu ga bisa dihapus yaa.. tolong dong.. ini gimana caranya..,4,Mohon maaf kalo untuk riwayat berobat dulu ga bisa dihapus yaa.. tolong dong.. ini gimana caranya..
"Sangat membanti sekali apalagi dimasa pandemi kmren yg takut ke RS/ klinik hanya utk berkonsultasi dg alodokter smua jdi mudah kapanpun dimanapun 24jam bisa diandalkan,terimakasih alodokter",5,"Sangat membanti sekali apalagi dimasa pandemi kmren yg takut ke RS/ klinik hanya utk berkonsultasi dg alodokter smua jdi mudah kapanpun dimanapun 24jam bisa diandalkan,terimakasih alodokter"
Dokternya cepat tanggap dan baik. Suka.,5,Dokternya cepat tanggap dan baik. Suka.
nice app sangat membantu dalam melayani konsultasi,5,nice app sangat membantu dalam melayani konsultasi
"Great experience,with good doctor.",5,"Great experience,with good doctor."
Sangat membantu sekali untuk kita yang tidak sempat ke dokter ato hanya untuk konsultasi second opinions gitu ... biaya murah tanpa harus keluar rumah .. thank u alodokter ğŸ‘,5,Sangat membantu sekali untuk kita yang tidak sempat ke dokter ato hanya untuk konsultasi second opinions gitu ... biaya murah tanpa harus keluar rumah .. thank you alodokter ğŸ‘
"Jangan pernah mau instal aplikasi. Apa lagi di telfon sales nya. Matin aja, ga pernah berasa mengiyakan untuk langganan tiba2 di autodebit. Sehari 2 kali di autodebit. Aplikasi ga berguna.",1,"Jangan pernah mau instal aplikasi. Apa lagi di telfon sales nya. Matin aja, ga pernah berasa mengiyakan untuk langganan tiba2 di autodebit. Sehari 2 kali di autodebit. Aplikasi ga berguna."
"Tidak ada free chat dokter untuk pengguna baru. Diharuskan membayar 8.500 untuk dokter umum. Saat mau bayar dengan BCA virtual account, nominal tidak mencapai mininum pembayaran (10.000) maka, tidak bisa bertransaksi. -_-""",1,"Tidak ada free chat dokter untuk pengguna baru. Diharuskan membayar 8.500 untuk dokter umum. Saat mau bayar dengan BCA virtual account, nominal tidak mencapai mininum pembayaran (10.000) maka, tidak bisa bertransaksi. -_-"""
Dokternya sabar menghadapi orang panik seperti sayağŸ˜­ğŸ˜­ğŸ˜­,5,Dokternya sabar menghadapi orang panik seperti sayağŸ˜­ğŸ˜­ğŸ˜­
layanan alodokter sangat responsif dan sabar menjawab pertanyaan2 pasien walaupun diskusi nya cukup panjang mengingatkan kali pertama saya terdeteksi positif Covid19. dan Alodokter pun sangat teliti dan detil mengkonfirmasi jawaban2 pasien terkait kondisi medisnya. terima kasih dan semoga para staf kesehatan Alodokter senantiasa sehat selalu aamiin,5,layanan alodokter sangat responsif dan sabar menjawab pertanyaan2 pasien walaupun diskusi nya cukup panjang mengingatkan kali pertama saya terdeteksi positif Covid19. dan Alodokter pun sangat teliti dan detil mengkonfirmasi jawaban2 pasien terkait kondisi medisnya. terima kasih dan semoga para staf kesehatan Alodokter senantiasa sehat selalu aamiin
Terima kasih. Lumayan membantu.,5,Terima kasih. Lumayan membantu.
"Aplikasi sederhana, mudah digunakan dan sangat membantu",5,"Aplikasi sederhana, mudah digunakan dan sangat membantu"
Test Review Alodokter,2,Test Review Alodokter
"Ngebantu banget kalo lagi buru-buru. Konsul ke dokter spesialis & beli obatnya jauh lebih murah, tapi kalau mau janjian langsung konsul di RS juga sangat praktis.",5,"Ngebantu banget kalo lagi buru-buru. Konsul ke dokter spesialis & beli obatnya jauh lebih murah, tapi kalau mau janjian langsung konsul di RS juga sangat praktis."
"Mudah, tidak diwaktu seperti aplikasi yg lain, dan diresepkan obat",5,"Mudah, tidak diwaktu seperti aplikasi yg lain, dan diresepkan obat"
"mau bikin janji konsultasi, harus lengkapin profil tapi pas profil diklik, nggak ke-refresh, tetap di halaman dokternya. mau edit profil dari settings juga nggak bisa",1,"mau bikin janji konsultasi, harus lengkapin profil tapi pas profil diklik, nggak ke-refresh, tetap di halaman dokternya. mau edit profil dari settings juga nggak bisa"
"Untuk layanan konsul dokternya OK, namun untuk pembelian obatnya betul2 buruk. Proses lama, sampai ganti hari dan buruknya tidak bisa dicancel. Bagi yang butuh obat cepat jangan beli disini. Pasien bisa kenapa2 duluan.",1,"Untuk layanan konsul dokternya OK, namun untuk pembelian obatnya betul2 buruk. Proses lama, sampai ganti hari dan buruknya tidak bisa dicancel. Bagi yang butuh obat cepat jangan beli disini. Pasien bisa kenapa2 duluan."
"2x ingin konsultasi, sudah melakukan pembayaran, tapi tidak bisa. Ditawarkan penggantian dengan kode promo, tidak bisa juga",3,"2x ingin konsultasi, sudah melakukan pembayaran, tapi tidak bisa. Ditawarkan penggantian dengan kode promo, tidak bisa juga"
Used to love this app until I cannot login anymore. It keeps asking for my full name after logging in using otp. Please fix it :(,1,Used to love this app until I cannot login anymore. It keeps asking for my full name after logging in using otp. Please fix it :(
"Sangat disayangkan chat gratisnya sudah ditiadakan. Padahal sangat membantu. Baru diinstall, harus saya uninstall lagi.",2,"Sangat disayangkan chat gratisnya sudah ditiadakan. Padahal sangat membantu. Baru diinstall, harus saya uninstall lagi."
Mudah menghubungi dokter yang profesional,5,Mudah menghubungi dokter yang profesional
"Gimana ini, saya konsul sama dokternya kok ga dijawab2.. Jgn2 saya ditinggal tdr..",1,"Gimana ini, saya konsul sama dokternya kok ga dijawab2.. Jgn2 saya ditinggal tdr.."
Ckp puas dgn penjelasan dokter yg sy pilih..,5,Ckp puas dgn penjelasan dokter yg sy pilih..
"3 kali pake ini. 3 kali resep ditolak alpshop. Malah proses refund nya lama. Kalo gk siap jual obat, nggak usah jualan obat .",1,"3 kali pake ini. 3 kali resep ditolak alpshop. Malah proses refund nya lama. Kalo gk siap jual obat, nggak usah jualan obat ."
Kualitas informasi kesehatan yang baik,5,Kualitas informasi kesehatan yang baik
Very useful app,5,Very useful app
Layanan kesehatan yang praktis dan sangat membantu. Well done! Keep the good job!,5,Layanan kesehatan yang praktis dan sangat membantu. Well done! Keep the good job!
"Sudah bayar, tapi dokternya nga muncul2, sampai akhirnya harus ke dokter konvensional... sudah email komplain tapi tidak pernah di tanggapi... admin dan dokternya sama. Not rekomen. Oya yg ada data saya tanpa izin di share ke pihak jualan asuransi kesehatan nah asuransi ini yg cepat follow up nya, bsknya langsung telp saya, jualan asuransi.",1,"Sudah bayar, tapi dokternya nga muncul2, sampai akhirnya harus ke dokter konvensional... sudah email komplain tapi tidak pernah di tanggapi... admin dan dokternya sama. Not rekomen. Oya yg ada data saya tanpa izin di share ke pihak jualan asuransi kesehatan nah asuransi ini yg cepat follow up nya, bsknya langsung telp saya, jualan asuransi."
Awesome health application,5,Awesome health application
cepat..tapi kode promo tdk dikenali,4,cepat..tapi kode promo tdk dikenali
"Lebih bagus lagi kalau di sediakan sarana yg bisa kontak langsung dg kurir yg mengantar obat, thanks",3,"Lebih bagus lagi kalau di sediakan sarana yg bisa kontak langsung dg kurir yg mengantar obat, thanks"
Can you pls stop your CS from contacting us?,4,Can you pls stop your CS from contacting us?
"Good explanation,, when my baby needs help",5,"Good explanation,, when my baby needs help"
"I pay the consultation, but the doctor doesn't give any treatmeant for the problem Please if doctor doesn't give a treatmeant to user, please refund our money",1,"I pay the consultation, but the doctor does not give any treatmeant for the problem Please if doctor does not give a treatmeant to user, please refund our money"
"Aplikasi jelek sekali, dokter-nya minta izin untuk operasi dan janji akan lanjut, sama aplikasi konsultasi-nya di tutup dan tidak bisa lanjut konsultasi.",3,"Aplikasi jelek sekali, dokter-nya minta izin untuk operasi dan janji akan lanjut, sama aplikasi konsultasi-nya di tutup dan tidak bisa lanjut konsultasi."
God Bless you.,2,God Bless you.
"sangat membantu untuk konsultasi awal, agar tidak lost track terhadap apa yg perlu dilakukan di awal",5,"sangat membantu untuk konsultasi awal, agar tidak lost track terhadap apa yg perlu dilakukan di awal"
Riwayat sudah bekerja berapa lama di terakan karena sangat berguna dalam menentukan pilihan untuk melakukan penanganan gigi dan mulut dan pemeriksaan lainnya .,3,Riwayat sudah bekerja berapa lama di terakan karena sangat berguna dalam menentukan pilihan untuk melakukan penanganan gigi dan mulut dan pemeriksaan lainnya .
"Banyak kasus stroke terjadi menjelang pagihari. Apakah sebaiknya amlodipin diminum malam hari sebelum tidur, sehingga tensi terjaga stabil. Mohon advise nya. Terimakasih",5,"Banyak kasus stroke terjadi menjelang pagihari. Apakah sebaiknya amlodipin diminum malam hari sebelum tidur, sehingga tensi terjaga stabil. Mohon advise nya. Terimakasih"
Cocok untuk konsul2 yang tidak urgent,5,Cocok untuk konsul2 yang tidak urgent
Ramah dan beri penjelasan detail,5,Ramah dan beri penjelasan detail
Sangat amat membantu dan sangat cepet responya ğŸ‘ğŸ‘,5,Sangat amat membantu dan sangat cepet responya ğŸ‘ğŸ‘
"Gampang diakses dn dimengerti, dokternya rata"" fast respond â¤",5,"Gampang diakses dn dimengerti, dokternya rata"" fast respond â¤"
Selalu jadi andalan sebelum pergi ke rumah sakit,5,Selalu jadi andalan sebelum pergi ke rumah sakit
respon cepat krn pakai mesin penjawab dan sesuai kebutuhan konsultasi,5,respon cepat krn pakai mesin penjawab dan sesuai kebutuhan konsultasi
Sangat bermanfaat dan menolong krn ada Dokter yg selalu siap membantu.,5,Sangat bermanfaat dan menolong krn ada Dokter yg selalu siap membantu.
Cuma chat aja bayar 30rb,3,Cuma chat aja bayar 30rb
"Pengalaman mau chat ke dokter anak, pas bayar masih online, tapi pas mau chat tdk bisa krn dokternya sibuk. Dilalah, keluhan anaknya sudah hilang sblm sempat chat dokter itu lagi. Jadi sia2 uangnya krn ga bisa juga dicancel",3,"Pengalaman mau chat ke dokter anak, pas bayar masih online, tapi pas mau chat tdk bisa krn dokternya sibuk. Dilalah, keluhan anaknya sudah hilang sblm sempat chat dokter itu lagi. Jadi sia2 uangnya krn ga bisa juga dicancel"
"sebenernya bagus sih, cuma pesanan obat nya dari apotek lewat aplikasi kadang ribet banget, misal tiba tiba pesanan obat nya ditolak apotek, atau pesanan obat nya gagal diambil pengirim, hmm ga kebayang misal butuh obat urgent kalo begini",3,"sebenernya bagus sih, cuma pesanan obat nya dari apotek lewat aplikasi kadang ribet banget, misal tiba tiba pesanan obat nya ditolak apotek, atau pesanan obat nya gagal diambil pengirim, hmm ga kebayang misal butuh obat urgent kalo begini"
Konsultasi oke. Pemesanan resep sungguh terlalu. Masa pesan diluar kota kan keburu kelamaan sakitnya,1,Konsultasi oke. Pemesanan resep sungguh terlalu. Masa pesan diluar kota kan keburu kelamaan sakitnya
skrg respon dokternya lama bgt. udh 2 jam lebih ga direspon pdhl awal cht drnya hijau ga sibuk atau apa. jd ga ngebantu.,1,skrg respon dokternya lama bgt. udh 2 jam lebih ga direspon pdhl awal cht drnya hijau ga sibuk atau apa. jd ga ngebantu.
Memudahkan pasien konsultasi langsung dalam berbagai kondisu tanpa perlu antri,5,Memudahkan pasien konsultasi langsung dalam berbagai kondisu tanpa perlu antri
"bagus cuma untuk obat dikirim dari luar kota jadi lebih lama obatnya, kalo bisa obat dikirim dari kota yg sama",4,"bagus cuma untuk obat dikirim dari luar kota jadi lebih lama obatnya, kalo bisa obat dikirim dari kota yg sama"
Saya kerja di sini soalnya ğŸ™,5,Saya kerja di sini soalnya ğŸ™
"DOKTERNYA GA PRAKTEK! APLIKASI ALODOKTER GA UPDATE, BUANG2 WAKTU AJA PAKE ALODOKTER. APLIKASI AMPAS, JANGAN PAKAI APPS INI",1,"DOKTERNYA GA PRAKTEK! APLIKASI ALODOKTER GA UPDATE, BUANG2 WAKTU AJA PAKE ALODOKTER. APLIKASI AMPAS, JANGAN PAKAI APPS INI"
Beli obat di kalian keburu mati gak sih orang??? Lama bgt! Mana kadang2 suka cancel.,1,Beli obat di kalian keburu mati gak sih orang??? Lama bgt! Mana kadang2 suka cancel.
"Sangat membantu, memberikan kemudahan dan dokternya kompeten",5,"Sangat membantu, memberikan kemudahan dan dokternya kompeten"
"Sangat terbantu dengan aplikasi ini, mudah berkonsultasi dengan dokter dan pelayanan lain nya.",5,"Sangat terbantu dengan aplikasi ini, mudah berkonsultasi dengan dokter dan pelayanan lain nya."
Kerennnn... sgt membantu.,5,Kerennnn... sgt membantu.
"Untuk fitur ""Buat Janji"": 1. Booking ke-1 pada slot yg ada di app, lalu di-chat oleh Admin ternyata slot tsb sudah full & ditawarkan slot lain tapi bentrok dgn jadwal saya jadi saya batalkan 2. Booking ke-2 (beda dokter), secara otomatis by App dipindahkan ke slot lain & saya coba ubah jam nya tapi tidak bisa, hanya bisa ubah hari (saya batalkan lagi) 3. Booking ke-3 (beda dokter), tektokan slot lagi & berakhir dibatalkan oleh Admin secara sepihak karena saya ga balas 15 menit ğŸ˜Š",1,"Untuk fitur ""Buat Janji"": 1. Booking ke-1 pada slot yg ada di app, lalu di-chat oleh Admin ternyata slot tsb sudah full & ditawarkan slot lain tapi bentrok dgn jadwal saya jadi saya batalkan 2. Booking ke-2 (beda dokter), secara otomatis by App dipindahkan ke slot lain & saya coba ubah jam nya tapi tidak bisa, hanya bisa ubah hari (saya batalkan lagi) 3. Booking ke-3 (beda dokter), tektokan slot lagi & berakhir dibatalkan oleh Admin secara sepihak karena saya ga balas 15 menit ğŸ˜Š"
Responnya cepat dan terukur,5,Responnya cepat dan terukur
Thank you dr Bunga for your advise...Good Job ğŸ‘,5,Thank you dr Bunga for your advise...Good Job ğŸ‘
"Jawabannya lumayan memberi pencerahan, tapi kita hanya bisa bertanya sekali dengan maks 300 karakter",4,"Jawabannya lumayan memberi pencerahan, tapi kita hanya bisa bertanya sekali dengan maks 300 karakter"
"belum dapat jawaban memuaskan, nanti diupdate lagi apabila jawabannya memuaskan",3,"belum dapat jawaban memuaskan, nanti diupdate lagi apabila jawabannya memuaskan"
"Pernah beli salep disini, dan ternyata mereka gabisa kirim. Uangnya ga di refund, kejadian udah setaun yang lalu. Malah ada sales yg tlp gajelas",3,"Pernah beli salep disini, dan ternyata mereka gabisa kirim. Uangnya ga di refund, kejadian udah setaun yang lalu. Malah ada sales yg tlp gajelas"
The doctor and the aplication are marvelous,5,The doctor and the aplication are marvelous
"Text Book, kurang bs kasih solusi",2,"Text Book, kurang bs kasih solusi"
Lagi konsul sama dokter malah aplikasi forced close dan ga bisa dibuka sampe dokternya tutup konsul.,1,Lagi konsul sama dokter malah aplikasi forced close dan ga bisa dibuka sampe dokternya tutup konsul.
Good application and helping for those require medical advice.,5,Good application and helping for those require medical advice.
"Alhamdulillah, mudah sekali konsultasinya dan sangat manfaat.",5,"Alhamdulillah, mudah sekali konsultasinya dan sangat manfaat."
"Jauh lebih bagus dari aplikasi telemedicine lainnya, pelayanan dari staf kesehatan yang baik serta aplikasi yang sangat mudah digunakan,sungguh membantu",5,"Jauh lebih bagus dari aplikasi telemedicine lainnya, pelayanan dari staf kesehatan yang baik serta aplikasi yang sangat mudah digunakan,sungguh membantu"
I use this application with payment 39.000 every month. This offers good service with good doctor. 39.000 rupiah can be used for many account. The good thing is there is physcholog as well. This help me and my family,5,I use this application with payment 39.000 every month. This offers good service with good doctor. 39.000 rupiah can be used for many account. The good thing is there is physcholog as well. This help me and my family
Saya ga bisa daftar karena OTP ga terkirim ke nomor saya sampai limit 2 kali. Tolong diperbaiki.,2,Saya ga bisa daftar karena OTP ga terkirim ke nomor saya sampai limit 2 kali. Tolong diperbaiki.
Good app. I can discuss or ask with doctor about my condition,5,Good app. I can discuss or ask with doctor about my condition
Sangat membantu sekali. Dokternya ramah dan sabar dalam memberikan penjelasan.,5,Sangat membantu sekali. Dokternya ramah dan sabar dalam memberikan penjelasan.
Sangat membantu disaat kondisi lemas karena covid,5,Sangat membantu disaat kondisi lemas karena covid
Sangat mudah pengoperasiannya,5,Sangat mudah pengoperasiannya
Penjelasan yg baik dan detail,5,Penjelasan yg baik dan detail
Happy dgn dokternya,5,Happy dgn dokternya
Mengapa pd waktu sy tidur tiba2 seperti tidak bisa bernafas?,3,Mengapa pd waktu sy tidur tiba2 seperti tidak bisa bernafas?
"terima kasih, cepat pelayanannya",5,"terima kasih, cepat pelayanannya"
Lets me get that covid 19 help,5,Let Us me get that covid 19 help
"lebih baik dokter di alodok bisa menyediakan surat rekomendasi istirahat, orang konsul online karena ga bisa keluar rumah. jadi mending bisa sediain suratnya juga",2,"lebih baik dokter di alodok bisa menyediakan surat rekomendasi istirahat, orang konsul online karena ga bisa keluar rumah. jadi mending bisa sediain suratnya juga"
"Dokter2nya cepat tanggap, penjelasan juga mudah dipahami",5,"Dokter2nya cepat tanggap, penjelasan juga mudah dipahami"
Sangat memudahkan di masa seperti sekarang,5,Sangat memudahkan di masa seperti sekarang
"Pasien dikasih apotik beda pulau, disuruh nunggu obat 2-4 hari. Pasien keburu makin sakit. Kalo obat gak ada di apotik terdekat pasien, gak usah maksa sampe nawarin apotik beda pulau",1,"Pasien dikasih apotik beda pulau, disuruh nunggu obat 2-4 hari. Pasien keburu makin sakit. Kalo obat gak ada di apotik terdekat pasien, gak usah maksa sampe nawarin apotik beda pulau"
Penyampaiannya cukup jelas,5,Penyampaiannya cukup jelas
"Riweuh, pertama pas saya covid kemarin ga ada respon pas dichat perihal obat gratis dari pemerintah, kedua mau beli Cataflam harus chat dokter dulu. Di apps sebelah nggak seribet ini. Heran kenapa jadi partner kemenkes untuk penanganan covid 19.",1,"Riweuh, pertama pas saya covid kemarin ga ada respon pas dichat perihal obat gratis dari pemerintah, kedua mau beli Cataflam harus chat dokter dulu. Di apps sebelah nggak seribet ini. Heran kenapa jadi partner kemenkes untuk penanganan covid 19."
Asking a lot of data that already submitted. Slow response,1,Asking a lot of data that already submitted. Slow response
Sangat membantu dan jelas,5,Sangat membantu dan jelas
Response cepat sekali dan jelas,5,Response cepat sekali dan jelas
aplikasinya mudah di pakai.,5,aplikasinya mudah di pakai.
"Alhamdulillah, terimakasih banyak Alodokter, bisa banyak berkonsultasi dgn Dokter scara langsung, mendapat jawaban yang jelas dan manfaat.",5,"Alhamdulillah, terimakasih banyak Alodokter, bisa banyak berkonsultasi dgn Dokter scara langsung, mendapat jawaban yang jelas dan manfaat."
"Was asking about stomach ache, the doctor answer were about fever. The fever as mention has been gone since day one but the stomach pain remains. That was the question. Please make sure your doctor actually reads the question rather than giving out standard long answer that is useless just to fulfill the sake of answering",1,"Was asking about stomach ache, the doctor answer were about fever. The fever as mention has been gone since day one but the stomach pain remains. That was the question. Please make sure your doctor actually reads the question rather than giving out standard long answer that is useless just to fulfill the sake of answering"
Sejauh ini aplikasi berjalan dengan baik,5,Sejauh ini aplikasi berjalan dengan baik
"Sangat membantu, terima.kasih",5,"Sangat membantu, terima.kasih"
Bagus..menolong pasien dgn cepat. Terima kasih.,4,Bagus..menolong pasien dgn cepat. Terima kasih.
"buat saya ini emergency ketika saya tiba bisa bertemu psikiater atau psikolog saya, terimakasi",5,"buat saya ini emergency ketika saya tiba bisa bertemu psikiater atau psikolog saya, terimakasi"
Sangat membantu. Lebih mudah menghubungi dokter dan harga terjangkau,5,Sangat membantu. Lebih mudah menghubungi dokter dan harga terjangkau
"Dokternya baik, tegas lugas, cepat",5,"Dokternya baik, tegas lugas, cepat"
Dokter nya magabut,1,Dokter nya magabut
Menjawab dan memberi edukasi virus Covid yg lengkap dan mudah dimengerti,5,Menjawab dan memberi edukasi virus Covid yg lengkap dan mudah dimengerti
Fast response... Very recommended,4,Fast response... Very recommended
Sangat membantu bagi pasien c19 dan komunikatif,5,Sangat membantu bagi pasien c19 dan komunikatif
Very helpful and friendly user,5,Very helpful and friendly user
Very helpfull..thanx u,5,Very helpfull..thanx you
"Penjelasan dokter Muhamad sangat lengkap, jelas dan detail. Thanks",5,"Penjelasan dokter Muhamad sangat lengkap, jelas dan detail. Thanks"
Lumayan membantu utk konsultasi dokternya. Utk pelayanan klaim asuransinya bisa ditingkatkan lebih responsif lagi ğŸ‘ğŸ™‚,3,Lumayan membantu utk konsultasi dokternya. Utk pelayanan klaim asuransinya bisa ditingkatkan lebih responsif lagi ğŸ‘ğŸ™‚
Responnya cepat terima kasih,5,Responnya cepat terima kasih
"Sebagai pasien cov-19, Saya sangat terbantu.",5,"Sebagai pasien cov-19, Saya sangat terbantu."
"Terimakasih , aplikasi ini sangat membantu",5,"Terimakasih , aplikasi ini sangat membantu"
Sangat membantu & responsnya cepat..,5,Sangat membantu & responsnya cepat..
Sangat membantu ketika harus isoman,5,Sangat membantu ketika harus isoman
Beroperasi dan terintergrasi dengan sistem.,5,Beroperasi dan terintergrasi dengan sistem.
Respon nya lebih ditingkatkan lagi apabila perlu langsung dimunculkan resep digital,5,Respon nya lebih ditingkatkan lagi apabila perlu langsung dimunculkan resep digital
Lebih bagus dari yg merah menurut saya,5,Lebih bagus dari yg merah menurut saya
sangat membantu untuk yang sedang isoman dengan adanya program dari kemenkes..,5,sangat membantu untuk yang sedang isoman dengan adanya program dari kemenkes..
tyvm alodokter .... fast response dan sangat membantu,5,tyvm alodokter .... fast response dan sangat membantu
"lg covid terus konsul lewat alodokter, dokternya ga membantu, tiba2 ilang jg. pas mau konsul lg tulisannya kapasitas penuh",2,"lg covid terus konsul lewat alodokter, dokternya ga membantu, tiba2 ilang jg. pas mau konsul lg tulisannya kapasitas penuh"
Overall not bad. Saya hanya menyayangkan aplikasi sekelas Alodokter ini tidak memiliki fitur untuk mendownload invoice (yang harusnya merupakan fitur umum). Ini sangat menyulitkan untuk proses reimbursement ke kantor.,2,Overall not bad. Saya hanya menyayangkan aplikasi sekelas Alodokter ini tidak memiliki fitur untuk mendownload invoice (yang harusnya merupakan fitur umum). Ini sangat menyulitkan untuk proses reimbursement ke kantor.
"Telemedicine app yg baik, respon cepat. Memuaskan",5,"Telemedicine app yg baik, respon cepat. Memuaskan"
Layanan cepat dan jelas,5,Layanan cepat dan jelas
"Aplikasi yg bagus secara desain dan penggunaan yg simple, bagus untuk zaman covid seperti saat ini",5,"Aplikasi yg bagus secara desain dan penggunaan yg simple, bagus untuk zaman covid seperti saat ini"
Sangat mudah dan jelas,5,Sangat mudah dan jelas
"First experience, thanks",5,"First experience, thanks"
Kerrren abis di saat pandemi...gak perlu gerak sudah 86,5,Kerrren abis di saat pandemi...gak perlu gerak sudah 86
Ini gimana ya maksudnya? Ditungguin ga bales2. Tau2 tertutup otomatis karena saya ga bales2 (?),1,Ini gimana ya maksudnya? Ditungguin ga bales2. Tau2 tertutup otomatis karena saya ga bales2 (?)
Very good and quick respon,5,Very good and quick respon
Semuanya baik dan jelas,5,Semuanya baik dan jelas
Thankyou.. Cepat pelayanannya,5,Thankyou.. Cepat pelayanannya
Siff ... Cepat dan jelas,5,Siff ... Cepat dan jelas
"Cukup membantu, tapi lama loadingnya",4,"Cukup membantu, tapi lama loadingnya"
Sangat membantu ğŸ‘ğŸ»,5,Sangat membantu ğŸ‘ğŸ»
dokternya ok.. namanya dr nydya paramitha.. makasi dok,5,dokternya ok.. namanya dr nydya paramitha.. makasi dok
Thanks a lot,5,Thanks a lot
"Pake kode isoman gak dibales2, pake yang bayar baru dibales dan itupun ditanyain detail lagi padahal udah dijelasin dan datanya sudah isi di form",3,"Pake kode isoman gak dibales2, pake yang bayar baru dibales dan itupun ditanyain detail lagi padahal udah dijelasin dan datanya sudah isi di form"
"Saya ubah penilaian nya.. Pelayanan dokter nya kurang banget.jwban nya tdk memuaskan, Sy mnt obat disaranin ke dokter langsung, buat apa sy konsultasi ke dokter online kl dsruh ke dokter offline..",2,"Saya ubah penilaian nya.. Pelayanan dokter nya kurang banget.jwban nya tdk memuaskan, Sy mnt obat disaranin ke dokter langsung, buat apa sy konsultasi ke dokter online kl dsruh ke dokter offline.."
Penjelasan dokter panjang lebar dan cukup jelas untuk sy pahami,5,Penjelasan dokter panjang lebar dan cukup jelas untuk sy pahami
"sangat membatu,terima kasih",5,"sangat membatu,terima kasih"
Fast and detail,5,Fast and detail
"Pelayanan layanan konsultasi online dokternya sangat baik, akan tetapi sangat perlu meningkatkan koordinasi antara farmasi, kurir dan alodoc dalam pemesanan obatnya. Saya membeli obat yang urgent di alodoc karena obat ini kosong di beberapa apotik dekat rumah, akan tetapi tiba tiba kurir info kalau stok di farmasi kosong. Mungkin kedepannya bisa dari alodok untuk mengalokasikan pesanan pembeli ke farmasi lain otomatis tanpa pembeli berkali kali follow up.",2,"Pelayanan layanan konsultasi online dokternya sangat baik, akan tetapi sangat perlu meningkatkan koordinasi antara farmasi, kurir dan alodoc dalam pemesanan obatnya. Saya membeli obat yang urgent di alodoc karena obat ini kosong di beberapa apotik dekat rumah, akan tetapi tiba tiba kurir info kalau stok di farmasi kosong. Mungkin kedepannya bisa dari alodok untuk mengalokasikan pesanan pembeli ke farmasi lain otomatis tanpa pembeli berkali kali follow up."
TERIMA KASIIIHHH :),5,TERIMA KASIIIHHH :)
Kami sangat terbantu...semoga tambah keren,5,Kami sangat terbantu...semoga tambah keren
Saya dilayani oleh dr.rosyida avicennianing tyas. Informasi yang diberikan sangat akurat dan cepat. Pelayanan sangat baik dan ramah Aplikasi ini sangat membantu Terima kasih alodokter.,5,Saya dilayani oleh dr.rosyida avicennianing tyas. Informasi yang diberikan sangat akurat dan cepat. Pelayanan sangat baik dan ramah Aplikasi ini sangat membantu Terima kasih alodokter.
"Obat yang ditunggu tidak kunjung datang, malah statusnya dibatalkan. Padahall chat dengan dokternya sudah selesai, resep sudah ditulua dan katanya obat akan diantar. Tetapi sampai skarang saya tidak terima obat apa2. Mohon dicek ya. Terima kasih.",3,"Obat yang ditunggu tidak kunjung datang, malah statusnya dibatalkan. Padahall chat dengan dokternya sudah selesai, resep sudah ditulua dan katanya obat akan diantar. Tetapi sampai skarang saya tidak terima obat apa2. Mohon dicek ya. Terima kasih."
Bagus banget sangat membantu. Diteruskan tingkat,5,Bagus banget sangat membantu. Diteruskan tingkat
Dokter menjelaskan secara rinci,5,Dokter menjelaskan secara rinci
Tepat dan respon nya cepat,5,Tepat dan respon nya cepat
"Lucu ya, nulis review jelek ke seorang dokter, pas ditampilin reviewnya berubah jadi bagus",1,"Lucu ya, nulis review jelek ke seorang dokter, pas ditampilin reviewnya berubah jadi bagus"
Respon cepat dan sangat membantu permasalahan yang sedanng saya hadapi,5,Respon cepat dan sangat membantu permasalahan yang sedanng saya hadapi
Cpt dan sigap,5,Cpt dan sigap
Cepat responnya dan dokter jwb lengkap. Terimakasih,5,Cepat responnya dan dokter jwb lengkap. Terimakasih
Sangat membantu sekali di masa pendemi ini. Cuma tetep dengan bertemu langsung dengan dokternya pemerikasaan lebih bisa maksimal.,5,Sangat membantu sekali di masa pendemi ini. Cuma tetep dengan bertemu langsung dengan dokternya pemerikasaan lebih bisa maksimal.
Kadang janjian sama dokter tidak akurat,5,Kadang janjian sama dokter tidak akurat
Menjelaskan dengan detail,5,Menjelaskan dengan detail
Terimakasih sangat membantu sekali,5,Terimakasih sangat membantu sekali
Dokter menjawab dengan jelas.,5,Dokter menjawab dengan jelas.
Aplikasi bagus dan sangat membantu. Terima kasih buat semua dokter yg bertugas tentunya..,5,Aplikasi bagus dan sangat membantu. Terima kasih buat semua dokter yg bertugas tentunya..
I got covid 19 and Kemenkes suggested me to install Alodokter to get free consultation and medicine. I am so happy that now a days it's easy to access health service from your bed.,5,I got covid 19 and Kemenkes suggested me to install Alodokter to get free consultation and medicine. I am so happy that now a days it is easy to access health service from your bed.
8rg .b 8 i v tr Vbvn .d?wsl..6.m,3,8rg .b 8 i v tr Vbvn .d?wsl..6.m
Terima kasih banyak,5,Terima kasih banyak
Sangat membantu sekali,5,Sangat membantu sekali
terimakasih dokter sangat membantu,4,terimakasih dokter sangat membantu
"Helpfull, thankyou alodokter",5,"Helpfull, thankyou alodokter"
Responsive and interactive!,5,Responsive and interactive!
Beli obatnya kurang berguna. Dapat resep langsung beli tapi obat terpisah di berbagai kota. GILA Butuh obat segara pas disuruh nunggu. Gk masuk akal,1,Beli obatnya kurang berguna. Dapat resep langsung beli tapi obat terpisah di berbagai kota. GILA Butuh obat segara pas disuruh nunggu. Gk masuk akal
"Did the long review but they somehow removed my post, well anyway i'll make it short this one.. this will be my first and last using this app! Better book directly to the hospital for the Dr's appoitnment",1,"Did the long review but they somehow removed my post, well anyway i will make it short this one.. this will be my first and last using this app! Better book directly to the hospital for the Dr's appoitnment"
Merasa sangat terbantu dengan adanya telemedicine. Bangga jadi warga Indonesia,5,Merasa sangat terbantu dengan adanya telemedicine. Bangga jadi warga Indonesia
"Sangat membantu, dan dokter nya juga sangat menolong & terbuka untuk menanggapi setiap masalah yg ada.",5,"Sangat membantu, dan dokter nya juga sangat menolong & terbuka untuk menanggapi setiap masalah yg ada."
Sales nya nipu. Katanya ga akan langganan sblm saya setujui. Rekening uda kepotong 2 bulan. Mau berhenti langganan pun ribet bgt pdhl itu rekening saya sendiri,1,Sales nya nipu. Katanya ga akan langganan sblm saya setujui. Rekening uda kepotong 2 bulan. Mau berhenti langganan pun ribet bgt pdhl itu rekening saya sendiri
Sejauh ini kelewatan mudah penggunaan aplikasinya,5,Sejauh ini kelewatan mudah penggunaan aplikasinya
Pelayanan dokter sangat baik,5,Pelayanan dokter sangat baik
Sangat baik Dan di sarankan,5,Sangat baik Dan di sarankan
"respon cepat dan ramah, terima kasih dok",5,"respon cepat dan ramah, terima kasih dok"
Really helpfully ğŸ™ğŸ™ğŸ™,5,Really helpfully ğŸ™ğŸ™ğŸ™
Mudah dan sangat membantu,5,Mudah dan sangat membantu
Uda msukin vocer isoman tp abis chat ga dikasi resep berdasarkan kemenkes. Jadi gunanya apa.,1,Uda msukin vocer isoman tp abis chat ga dikasi resep berdasarkan kemenkes. Jadi gunanya apa.
Membantu isoman bgt. Dokternya pun cepat menanggapi,5,Membantu isoman bgt. Dokternya pun cepat menanggapi
Sangat membantu semua informasinya,5,Sangat membantu semua informasinya
"It seems a chat bot, so quick to ask with template question",2,"It seems a chat bot, so quick to ask with template question"
"Deskripsi standard yg diberikan via aplikasi terlalu cepat, pasien blm sempat membaca sdh muncul deskripsi lain sehingga kurang nyaman.",4,"Deskripsi standard yg diberikan via aplikasi terlalu cepat, pasien blm sempat membaca sdh muncul deskripsi lain sehingga kurang nyaman."
Mantapp aplikasi ini untuk layanan isoman,5,Mantapp aplikasi ini untuk layanan isoman
It really helps when i needed medicine to cure my sickness and validate any information around internet. Thank you Alodokter,5,It really helps when i needed medicine to cure my sickness and validate any information around internet. Thank you Alodokter
Sangat Mudah digunakan,5,Sangat Mudah digunakan
"Jangan pernah beli obat disini, pengiriman lama. Konsul sama dokter juga kayak konsul sama bot",1,"Jangan pernah beli obat disini, pengiriman lama. Konsul sama dokter juga kayak konsul sama bot"
Cepat dan membantu,4,Cepat dan membantu
"Dokternya salah menuliskan judul resep yang mengakibatkan saya menerima obat yang tidak sesuai, mengecewakan",1,"Dokternya salah menuliskan judul resep yang mengakibatkan saya menerima obat yang tidak sesuai, mengecewakan"
Layanan nya OK kok,5,Layanan nya OK kok
New aplication need to study first,5,New aplication need to study first
"Good aplication, sangat memudahkan dalam konsultasi bila dari rumah",4,"Good aplication, sangat memudahkan dalam konsultasi bila dari rumah"
Harga estimasi jauh banget dari yang dicantum.,1,Harga estimasi jauh banget dari yang dicantum.
"Pelayanan cukup cepat, pengiriman obat cukup relatif cepat juga",4,"Pelayanan cukup cepat, pengiriman obat cukup relatif cepat juga"
Dokternya ramah & pertanyaan lengkap ke pasien. Terima kasih membantu.,5,Dokternya ramah & pertanyaan lengkap ke pasien. Terima kasih membantu.
FuRQAn BNN Indonesia,5,FuRQAn BNN Indonesia
Lengkap Dokter mantap,5,Lengkap Dokter mantap
So helpful and fast response,5,So helpful and fast response
Luar biasa membantu..,5,Luar biasa membantu..
"Halo.. sebenernya ini bisa jadi aplikasi bagus.. tapi, pas saya lagi sign in paka nomer telfon yang benar, itu tetap saja bilang "" invalid "" gitu ... walaupun sudah benar.",3,"Halo.. sebenernya ini bisa jadi aplikasi bagus.. tapi, pas saya lagi sign in paka nomer telfon yang benar, itu tetap saja bilang "" invalid "" gitu ... walaupun sudah benar."
Tdk terjadi komunikasi hanya rentetan informasi,3,Tdk terjadi komunikasi hanya rentetan informasi
"Sangat membantu, terima kasih",5,"Sangat membantu, terima kasih"
Pelayanan yg baik dan cepat...Good..,5,Pelayanan yg baik dan cepat...Good..
"it's worthed, interactive chat with options available doctors. many thanks ğŸ™ the rest would be wish and pray to GOD ğŸ¤².",5,"it is worthed, interactive chat with options available doctors. many thanks ğŸ™ the rest would be wish and pray to GOD ğŸ¤²."
"Data bocor, abis daftar langsung ada penipu nelpon katanya dari alodokter",2,"Data bocor, abis daftar langsung ada penipu nelpon katanya dari alodokter"
easy to use,5,easy to use
"Saya ingin meminta resep obat untuk isoman , tetapi ketika ingin chat, selalu terhalang oleh survey form, yang ketika diisi selalu ditulis terjadi gangguan",1,"Saya ingin meminta resep obat untuk isoman , tetapi ketika ingin chat, selalu terhalang oleh survey form, yang ketika diisi selalu ditulis terjadi gangguan"
Instruksinya tidak dapat saya ikuti,1,Instruksinya tidak dapat saya ikuti
jelas dan rinci sesi chatnya,5,jelas dan rinci sesi chatnya
Mudah untuk digunakan,5,Mudah untuk digunakan
Dokter Johanes Irpan menjawab pertanyaan dgn cepat SANGAT MEMBANTU KAMI,5,Dokter Johanes Irpan menjawab pertanyaan dgn cepat SANGAT MEMBANTU KAMI
Buat yg isoman... responya cepat dan bagus.,5,Buat yg isoman... responya cepat dan bagus.
Thaks to support,5,Thaks to support
"Andalankuuuu, udah langganan dari 2019ğŸ‘",5,"Andalankuuuu, udah langganan dari 2019ğŸ‘"
Amat membantu dimasa pandemi ini,5,Amat membantu dimasa pandemi ini
Dokternya cantik cantik,5,Dokternya cantik cantik
"Terima kasih AloDok, saya sangat terbantu dalam menghadapi ISOMAN. Panduannya memang panjang tapi tetap salut bisa dgn segera diproses semua langkah""nya. Sukses selalu dan yuk tetap jaga kesehatan ğŸ™",5,"Terima kasih AloDok, saya sangat terbantu dalam menghadapi ISOMAN. Panduannya memang panjang tapi tetap salut bisa dgn segera diproses semua langkah""nya. Sukses selalu dan yuk tetap jaga kesehatan ğŸ™"
"Cek bantuan isoman program kemenkes disini. Respon dokter cepat, ramah dan memberi banyak info bermanfaat. Ntapz!",5,"Cek bantuan isoman program kemenkes disini. Respon dokter cepat, ramah dan memberi banyak info bermanfaat. Ntapz!"
"mau rubah data malah keluar aplikasi, ga bisa di klik apa apa",1,"mau rubah data malah keluar aplikasi, ga bisa di klik apa apa"
Terjawab secara detail dari setiap pertanyaan. Mantap! Tapi sayang aplikasinya suka error mohon tingkatkan lg ya biar chat lg nanya2 hal penting sm dokter jd lebih nyaman. Makasih,5,Terjawab secara detail dari setiap pertanyaan. Mantap! Tapi sayang aplikasinya suka error mohon tingkatkan lg ya biar chat lg nanya2 hal penting sm dokter jd lebih nyaman. Makasih
Sangat membantu....untuk diagnosis awal,5,Sangat membantu....untuk diagnosis awal
"Hii, need help. Please fix, per today since 18:30 on Redmi Note 8 Pro device, this apps doesn't work WHILE I'm in the middle of PAID consultation with the doctors about my health concerns.... Previously re-install solved the issues, but suddenly it repeated and can't be solved again even though i already reinstalled the apps. The notif pop-up said that there aren't any internet connection, meanwhile I'm opening other online apps are clearly fast and speed test the internet speed above 10Mbps",1,"Hii, need help. Please fix, per today since 18:30 on Redmi Note 8 Pro device, this apps does not work WHILE I am in the middle of PAID consultation with the doctors about my health concerns.... Previously re-install solved the issues, but suddenly it repeated and cannot be solved again even though i already reinstalled the apps. The notif pop-up said that there are not any internet connection, meanwhile I am opening other online apps are clearly fast and speed test the internet speed above 10Mbps"
Ternyata cukup friendly,5,Ternyata cukup friendly
Respon cukup cepat,4,Respon cukup cepat
Dokter selalu sedang menangani pasien lain setelah uang dibayarkan,1,Dokter selalu sedang menangani pasien lain setelah uang dibayarkan
Sangat membantu pasien Isoman,5,Sangat membantu pasien Isoman
God bless this application and all the doctors!,5,God bless this application and all the doctors!
Very quick response ğŸ‘ğŸ‘,5,Very quick response ğŸ‘ğŸ‘
"Mantap banget, kalo boleh tolong dong lokasi storenya dipisah langsung jadi bisa pesen dari 1 store aja ga biat lebih efisien",5,"Mantap banget, kalo boleh tolong dong lokasi storenya dipisah langsung jadi bisa pesen dari 1 store aja ga biat lebih efisien"
Sangat membantu pasien isoman. Salut. Terus tingkatkan pelayanan ke masyarakat.,5,Sangat membantu pasien isoman. Salut. Terus tingkatkan pelayanan ke masyarakat.
Dokternya ramah dan helpful. Tks,5,Dokternya ramah dan helpful. Tks
"Sangat membantu dan jelas dalam penjelasannya, thank you dok",5,"Sangat membantu dan jelas dalam penjelasannya, thank you dok"
"Pertanyaan yang sama ditanya 2x, ya jadi ketik ulang lagi. Bikin repot",4,"Pertanyaan yang sama ditanya 2x, ya jadi ketik ulang lagi. Bikin repot"
penjelasan dokter sangat jelas.,5,penjelasan dokter sangat jelas.
"sangat terbantu pakai aplikasi ini, penjelasan dokter nya jelas dan detail..",5,"sangat terbantu pakai aplikasi ini, penjelasan dokter nya jelas dan detail.."
"Merugikan, book dokter disini berbeda jadwalnya dengan realita, udh jauh ke rs malah dokternya tidak ada jadwal!!!",1,"Merugikan, book dokter disini berbeda jadwalnya dengan realita, udh jauh ke rs malah dokternya tidak ada jadwal!!!"
Sangat membantu sekali,5,Sangat membantu sekali
Sangat membantu utk penjelasannya,5,Sangat membantu utk penjelasannya
Very helpful app,5,Very helpful app
"Respon cepat, jelas & akurat",5,"Respon cepat, jelas & akurat"
Sangat membantu dan memudahkan sekali. Thank Alodokter.,5,Sangat membantu dan memudahkan sekali. Thank Alodokter.
Konsultasi dengan dokter untuk isoman lancar...so far Ok ğŸ‘,5,Konsultasi dengan dokter untuk isoman lancar...so far Ok ğŸ‘
"Kinda disappointed with the system. When you look for the doctor, it was said that they're available.. but then after you purchased for consultation, it said that they're busy.. then after i wait for them to finish their session, they immediately went offline.. why can't we consult first then pay? Or is there any other way so that we don't waste our time like that?",4,"Kind Of disappointed with the system. When you look for the doctor, it was said that they are available.. but then after you purchased for consultation, it said that they are busy.. then after i wait for them to finish their session, they immediately went offline.. why cannot we consult first then pay? Or is there any other way so that we do not waste our time like that?"
Good and quick respon,5,Good and quick respon
Helpfull aps .. sekarang konsul dokter gak perlu antri keluar rumah.. aman.. tq alodokter,5,Helpfull aps .. sekarang konsul dokter gak perlu antri keluar rumah.. aman.. tq alodokter
"Info Chat Dokter di apps kalau resep Isoman dikirim ke email kita, dicek sudah 2 hari ga ada email di inbox dan spam. WA ke nomor WA di apps, infonya resep diinpur langsung oleh Alo Dok di web kemenkes, cek NIK di web Kemenkes diinfokan belum terdaftar. WA lagi dengan Alo Dok, diinfokan sedang antrian dan diusahakan max 1 hari kerja. Aneh krn ga sesuai prosedur dari WA Kemenkes, tapi saya tunggu besok Rabu, 2 Feb dimana sudah Max 1 hari kerja",3,"Info Chat Dokter di apps kalau resep Isoman dikirim ke email kita, dicek sudah 2 hari ga ada email di inbox dan spam. WA ke nomor WA di apps, infonya resep diinpur langsung oleh Alo Dok di web kemenkes, cek NIK di web Kemenkes diinfokan belum terdaftar. WA lagi dengan Alo Dok, diinfokan sedang antrian dan diusahakan max 1 hari kerja. Aneh krn ga sesuai prosedur dari WA Kemenkes, tapi saya tunggu besok Rabu, 2 Feb dimana sudah Max 1 hari kerja"
"Respon sangat cepat, penjelasan detail dan dokter yang melayani ramah",5,"Respon sangat cepat, penjelasan detail dan dokter yang melayani ramah"
Terimakasih banyak DokğŸ™,5,Terimakasih banyak DokğŸ™
Mantapp.. responsif dan murmerr,5,Mantapp.. responsif dan murmerr
Is this app only meant for Indonesia?am from Singapore trying to register but can't Alredy tried to register with my email and phone number for verification but can't ?,5,Is this app only meant for Indonesia?am from Singapore trying to register but cannot Alredy tried to register with my email and phone number for verification but cannot ?
It is user friendly,5,It is user friendly
Thanks dokter Rizky Nurwan,5,Thanks dokter Rizky Nurwan
Makasi dokternya fast respon dan ramah,5,Makasi dokternya fast respon dan ramah
"This is a scam app, don't even try. Don't let them have your phone number, more importantly don't let them know YOUR BANK ACCOUNT NUMBER, they can autodebit/autocharge you even without your consent. Worse, they sell your data to third parties. They do all those WITHOUT your consent.",1,"This is a scam app, do not even try. Do not let them have your phone number, more importantly do not let them know YOUR BANK ACCOUNT NUMBER, they can autodebit/autocharge you even without your consent. Worse, they sell your data to third parties. They do all those WITHOUT your consent."
Very helpful during this pandemic where people limit their movement,5,Very helpful during this pandemic where people limit their movement
"loading terus tiap buka halaman baru, padahal internet saya lancar, sekedar membuka chat yg sudah nonaktif aja loading gak bisa kebuka, harus saya ulang2 keluar masuk baru bisa",3,"loading terus tiap buka halaman baru, padahal internet saya lancar, sekedar membuka chat yg sudah nonaktif aja loading gak bisa kebuka, harus saya ulang2 keluar masuk baru bisa"
Aplikasi tidak bisa dibuka walaupun di coba berkali kali loading nya lama padahal lagi butuh bantuan,1,Aplikasi tidak bisa dibuka walaupun di coba berkali kali loading nya lama padahal lagi butuh bantuan
"Dokter2nya berkompeten, khusus nya ketika saya dan keluarga terpapar Covid 19",5,"Dokter2nya berkompeten, khusus nya ketika saya dan keluarga terpapar Covid 19"
Sangat fast response. Penjelasan juga sangat detail. Terimakasih Alodokter.,5,Sangat fast response. Penjelasan juga sangat detail. Terimakasih Alodokter.
Sangat membantu.terima kasih,5,Sangat membantu.terima kasih
Dokternya baik sekali dan fast respond. Terimakasih Alodokter,5,Dokternya baik sekali dan fast respond. Terimakasih Alodokter
Fast respond ...,5,Fast respond ...
"Great apps, easy and believable!! You should download and get the lots information about your health from Alodokter!!",5,"Great apps, easy and believable!! You should download and get the lots information about your health from Alodokter!!"
"Sangat membantu, terimakasih",5,"Sangat membantu, terimakasih"
"I find some good doctors. Will be better if we can edit review to doctor because some doctors didn't reply and I give bad feedback, and find out they answer and having bad signal. The review box popped out before I can read the reply. So I feel bad for the review.",4,"I find some good doctors. Will be better if we can edit review to doctor because some doctors did not reply and I give bad feedback, and find out they answer and having bad signal. The review box popped out before I can read the reply. So I feel bad for the review."
Aplikasi yg simple dan user friendly. Dokternya menjelaskan dg detail. Tiap Chat berbayarğŸ˜,3,Aplikasi yg simple dan user friendly. Dokternya menjelaskan dg detail. Tiap Chat berbayarğŸ˜
Sangat membantu bgt,5,Sangat membantu bgt
Bagus sekali ada aplikasi ini memudahkan konsultasi tanpa musti ke rumah sakit,5,Bagus sekali ada aplikasi ini memudahkan konsultasi tanpa musti ke rumah sakit
"Keterangannya jelas, sangat membantu",5,"Keterangannya jelas, sangat membantu"
Bagus untuk identifikasi awal penyakit,4,Bagus untuk identifikasi awal penyakit
Best app ever ... ğŸ¥°,5,Best app ever ... ğŸ¥°
Sangat detail dengan penjelasan dr Choirina sukses selalu,5,Sangat detail dengan penjelasan dr Choirina sukses selalu
Easy to use. Useful for quick n simple consultation.,5,Easy to use. Useful for quick n simple consultation.
The best app,5,The best app
I got a fast response from the doctor,5,I got a fast response from the doctor
Good.good for your job,5,Good.good for your job
Chat fast respond & jelas penjelasannya,5,Chat fast respond & jelas penjelasannya
"Ketika udah selesai bayar, baru nulis pertanyaannya, tiba"" di notif klo dokter tsb segera offline dalam 10menit. Sediiiiiiihhhh banget, kita ibu yg panik mau nanyain anak terus digituin tu rasanya nyeseeekk polll. Bukan perkara duit nya, cuma tu rasanya sediiiiihh pollll.. Kecewa aja. Saran, klo memang udah mau offline jangan 10menit di notif, 30menit min, jadi kita nya gak kecewa. Trims",1,"Ketika udah selesai bayar, baru nulis pertanyaannya, tiba"" di notif klo dokter tsb segera offline dalam 10menit. Sediiiiiiihhhh banget, kita ibu yg panik mau nanyain anak terus digituin tu rasanya nyeseeekk polll. Bukan perkara duit nya, cuma tu rasanya sediiiiihh pollll.. Kecewa aja. Saran, klo memang udah mau offline jangan 10menit di notif, 30menit min, jadi kita nya gak kecewa. Trims"
"Meskipun ada chat yang gratis, tetap dilayani dengan baik. Aplikasinya bagus ğŸ‘",5,"Meskipun ada chat yang gratis, tetap dilayani dengan baik. Aplikasinya bagus ğŸ‘"
Memudahkan kita untuk konsultasi awal dengan dokter tanpa harus ke rumah sakit.,5,Memudahkan kita untuk konsultasi awal dengan dokter tanpa harus ke rumah sakit.
Berguna sekali jika ingin konsultasi ke dokter daripada berasumsi dari artikel,5,Berguna sekali jika ingin konsultasi ke dokter daripada berasumsi dari artikel
Udah hampir 1 tahun atau lebih kali. Proteksi saya statusnya masih pending.,1,Udah hampir 1 tahun atau lebih kali. Proteksi saya statusnya masih pending.
"Ditny, dokter : lgsg periksa lgsg ke dokter secara tatap muka, jd aplikasi ini tdk berguna hehe",1,"Ditny, dokter : lgsg periksa lgsg ke dokter secara tatap muka, jd aplikasi ini tdk berguna hehe"
Bagus. Penjelasan dokter2nya jelas dan sangat membantu. Menghemat waktu dan biaya,5,Bagus. Penjelasan dokter2nya jelas dan sangat membantu. Menghemat waktu dan biaya
Bbrp menu tidak bisa muncul,2,Bbrp menu tidak bisa muncul
"Responsif, dan detail penjelasannya",5,"Responsif, dan detail penjelasannya"
"alhamdulillah sangat membantu kami dokter memberikan penjelasan dengan jelas,,terimakasih dokter",5,"alhamdulillah sangat membantu kami dokter memberikan penjelasan dengan jelas,,terimakasih dokter"
"Saya selalu memakai aplikasi ini ketika sakit, sangat membantu. Karena tidak ada yang peduli dengan saya bahkan saat saya sudah sakit 5 hari.ğŸ˜Š",5,"Saya selalu memakai aplikasi ini ketika sakit, sangat membantu. Karena tidak ada yang peduli dengan saya bahkan saat saya sudah sakit 5 hari.ğŸ˜Š"
dokter Leonardo Alexander sangat baik menjelaskan,5,dokter Leonardo Alexander sangat baik menjelaskan
Terimakasih banyak.sangat membatu saya yg jauh dari faskes/dokter.sukses terus Alodokter,5,Terimakasih banyak.sangat membatu saya yg jauh dari faskes/dokter.sukses terus Alodokter
Useless and detrimental app! user money thief! using user data without permission and then taking money in the account at will.,1,Useless and detrimental app! user money thief! using user data without permission and then taking money in the account at will.
"Dokternya ramah sekali, informasi penjelasannya juga detail & jelas, ada fitur chat gratis juga tersedia. Dokternya ramah.",4,"Dokternya ramah sekali, informasi penjelasannya juga detail & jelas, ada fitur chat gratis juga tersedia. Dokternya ramah."
"Very good, fast response",5,"Very good, fast response"
Mau vaksin Sinovac,4,Mau vaksin Sinovac
Helpful with fair price,5,Helpful with fair price
Bagus sangat membantu,5,Bagus sangat membantu
So far so good â¤ï¸,5,So far so good â¤ï¸
