content,score
"bagus, dokter spesialisnya banyak bahkan banyak yang tetap standby di tengah malam",5
bisa cek resiko diabetes di aplikasinya klikdokter,5
"baru pakai bbrp kali tp so far dapat dokter yang komunikatif dan gercep balesnya, semoga semuanya begitu",5
Fitur apa aja ada deh yang berkaitan sama kesehatan jadi walau gak konsul pun selalu dipakai aplikasinya walau hanya sekadar baca informasi atau cek bmi,5
sudah berkali-kali pake dan sejauh ini termasuk yang terbaik dari aplikasi telemedicine lainnya..,5
baru coba sekali tapi langsung suka karena dapat dokter ya ramah dan fastrep banget jadi komunikasinya lancar,5
"Gue rencana mau mulai diet, tp bingung banget mulai dari mana akhirnya gue konsul ke dokter gizi di klikdokter",5
baru coba sekali tapi langsung suka karena dapat dokter ya ramah dan fast respon jadi komunikasinya lancar,5
"di klikdokter ternyata bisa rutin konsul buat jaga kesehatan, baguss bangett",5
"heran bgt sama klikdokter, kayanya klikdokter aplikasi kesehatan berkedok sedekah deh, soalnya murah2 bgt biaya konsul dll nyaa.",5
"thank u klikdokter sejauh ini udah ngebantu aku menangani masalah kesehatan, kalo mulai ada yg kerasa sakit tinggal klik klik aplikasi klikdokter",5
"walaupun konsulnya online, tp diagnosanya tepat siihh. makin yakin pake klikdokterr ğŸ‘ğŸ‘ğŸ‘",5
"meskipun konsul via online, tp berasa konsul kesehatan langsung, karena se detail itu penanganan di klikdokter",5
"gaakan pindah ke lain telemedicine sih, sejauh ini klikdokter yg terbaik buat aku",5
"saking fastrespon nya, doi gw aja kalah cepet bales chat sama klikdokter",5
"yang paling gue suka dari sekian banyak fitur di klikdokter tuh fitur info obat, bener2 bermanfaat dan nambah ilmuğŸ‘ğŸ»",5
"Respon dr dokternya tuh bener jelas,tepat sasaran, ga bertele tele gitu! Jd beneran lgsg tau oh ini sakit nya apa, harus ngapain, beli apa, gitu",5
"Betah banget nongkrongin aplikasi klikdokter, soalnya tampilannya ga ribet, warna aplikasinya adem jd mata nyaman liatnya",5
"Gapaham gimana caranya, tapi setiap konsul di app ini dokternya selalu fast respon, ga ada tuh nunggu antrian 3 org 5 org lg kayak app sebelah. Jadi, kalau ada apa apa yg darurat bs langsung direspon, thank you klikdokter!",5
bersyukur bisa bertemu sama klikdokter yang isinya dokter dokter hebat. semangat dan semoga semakin berkembang yaaa klikdokter!,5
Seseneng itu krn nemuin app klikdokterrrr aaa <3 luvluv untuk yg buat aplikasi sekeren ini dan dengan mudahnya diakses gratis tis tis!!,5
Aplikasi gak bener. Udah bayar mau konsultasi. Eh dokter gak nanggepin konsultasi. Status pengembalian dana.. sampe sekarang gak ada pengembalian dana buat pengaduan gak ada tanggapan sama sekali.. sama sekali bukan aplikasi yang membantu malah merugikan.,1
"mau curhat dikit krn sempet gasuka sama aplikasi dokter dokteran yg ga solutif, eh pas ketemu sm klik dokter malah sgt membantu, dan bikin jd percaya utk konsul online gini",5
"gausah ragu deh sm klikdokter, cuma perlu satu aplikasi, lu udh bisa beli obat, vitamin, sampe konsul sama dokter dokter yg udh gausah diraguin lg kualitasnya",5
"gw ga bosen bosen ngajakin temen temen gw utk pke klikdokter krn se membantu itu di hidup gw, apalagi kl lg perlu obat ato tes swab mandiri yg darurat, bs dikirim scr instan",5
"Pake aplikasi buat ketemu dokter tuh skrg ga perlu takut gais, aman kok. gw percaya sm klikdokter krn mereka nyediain tenaga ahli yg terkenal-terkenal bgt namanya, jd ga abal-abal gt deh",5
kalau ga ada klikdokter mngkin biaya yg sy kluarkan utk rumah sakit semakin boncos lg soalny bulan bulan terakhir ini sering bgt konsul krn lg sering sakit,5
"jangankan pergi ke dokter, ke apotek pun skrg ga perlu lg jalan kaki jauh-jauh, udah pake klikdokter aja, semua langsung ada didepan mata ğŸ‘",5
Disini gampang banget transaksinya dan murah banget! Semoga pelayanan nya terus bertahan karena udah bagus banget,5
"so far so good ya klikdokter, fast response juga. thxx",5
"Buat manusia yang ngerasa ribet kl konsul via chat, tenang ada fitur videocall jadi gampang deh buat konsul",5
"waktu itu sempet trauma konsul psikolog online karena aku ngerasa dijudge dan balesannya cuek banget. akhirnya kemarin mutusin untuk nyoba lagi di klikdokter, ga nyesel samasekali karena dokternya seramah dan sepengertian ituu",5
mau dimanapun kapanpun kalo butuh layanan konsultasi tinggal klik aja klikdokter ya ges ya,5
"Selain konsul dokter dan beli obat, bisa juga cek kesehatan di app klikdokter. fiturnya beneran selengkap itu guys!!",5
"semenjak UI baru, skrng jadi susah. Sdh pembayaran trus masuk menu lain liat liat sambil menunggu terhubung. Giliran terhubung gak tau cara masuk ke room ny bagaimana. Di klik sana sini gak nemu cara masuk room chat ny. Ribet dan susah.. Akhirnya sesi waktu konsultasi pun habis tanpa berkonsultasi.",1
"saking user friendly-nya, bapak gw yang gaptek langsung ngerti cara pake aplikasinya abis diajarin sekali doang",5
"kudos buat tim klikdokter, fitur lengkap, pelayanan memuaskan, aplikasi user friendly dan semua bisa dilakukan dirumah aja",5
"di klikdokter gue bebas pilih dokter, jadi enak tiap konsul ga perlu ngulang cerita dari awal lagi",5
"yaampun skrg di klikdokter bisa konsul dokter seharga nasi padang aja, murah bangetttt",5
"Keren banget di aplikasi klikdokter bisa scan pedulilindungi juga, jadi gak menuh menuhin memori hp",5
"kalau ada bintang 100 aku kasih deh, soalnya aplikasinya mudah dipahami",5
Aplikasi yang sangat berguna supaya makim aware dengan kesehatannya,5
"apalagi coba apalagi ini segala cek imun juga bisa, konkret menjawab masalah masyarakat bir bisa all in one",5
"efisien secara waktu dan materil karena ga antre, biayanya juga murah",5
"balita juga bisa, tinggal emaknya yang sampein ke dokternya. biasa lah masalah diare",5
dokternya sabar ngadepin pertanyaan pertanyaan aku yang kerasa awam banget kalo tentang bidang kesehatan ini,5
"bakalan rugi kalo konsul berbatas waktu terus kitanya nungguin dokter bales, ini engga, wong langsung dibales saat itu juga",5
"yaa tipe tipe pasien bawel kaya aku gini, banyak nanya selama waktunya masih mumpuni boleh kok",5
"pelayanannya ga overrated karena mereka ngejaga kualitas di dalam jasanya, jadi jarang ngecewain",5
"menurut gw durasi konsul pas banget jd ga kecepetan atau kelamaan, dokternya juga gercep jawabin pertanyaan gw",4
"sekarang konsul dokter tinggal klik klik di hp aja, biayanya juga murah dan bisa dilakuin kapan aja + dimana aja",5
"dari aku ya, ini ngebantu banget sih buat ada yang bikin app ini, ga mesti langganan kok, coba yang ga paket jg bisa",5
kalo kaya di resto mah bisa paket bisa a la carte ambil yang emang butuh yaps,5
"Fitur di aplikasi klikdokter lengkap dan informatif banget! Mulai dari konsul dokter, beli obat, bikin janji temu sama dokter dan ada juga berita-berita tentang kesehatan. Jempol dehhhğŸ¤©ğŸ‘ğŸ‘",5
"dokternya semangat banget padahal waktu itu gue konsulnya tengah malem, sukses terus dok!",5
"fitur sama pelayanannya terbaik emang cuy, tebus resep aja gampang kok simple banget",5
"sekarang kalo mau konsul ke dokter udah ga pake antri lagi, praktis bangettt",5
"selain bisa konsul online sama dokter, kalau butuh tindakan juga bisa buat janji temu dan sesuaiin sama jadwal sendiri jadi ga repot ngatur waktu",5
"menurut gue klikdokter udah paling juara kalau urusan telehealth. semua serba lengkap, ga usah repot repot keluar rumah juga",5
gw baru tau di klikdokter dengan harga murah bisa dapet konsul dokter yang worth it banget,5
"pilihan dokter spesialisnya beragam banget, sampe akupuntur juga ada",5
"dokternya baik baik banget, ga pernah ngeburu buru kalo konsul dan selalu bikin nyaman buat ceritain keluhan yang gue alamin",5
Baru tau ada app klikdokter kaum milenial sampe gen z harus punya sih jelas,5
di klikdokter banyak promonya padahal harga udah terjangkau banget haha,5
"fitur lengkap dan yang paling penting adalah aplikasinya user friendly banget, jadi fitur yang lengkap itu bisa kepake semuanya",5
"dokter-dokternya ramah dan fastrep, ga terkesan ngeburu buruin walau ada durasi konsul",5
"such a pleasant experience. konsul sama dokter bisa chat atau video call, resep langsung ada lewat aplikasi dan obatnya bisa langsung di official store klikdokter",5
"Respon dokter cepet dan jelas. pernah coba pake aplikasi lain eh penjelasan dokternya muter muter dan bikin bingung, skrg mending ke klikdokter aja yang udah jelas",5
"awal pake klikdokter agak skeptis karena harganya murah bgt takut dokternya jutek dll. ternyata pas gue coba sendiri, dokternya baik banget dan responnya cepet",5
"Daripada asal beli obat warung, mending tanya dulu sih sama ahlinya. Paling engga bukan yang asal diagnosa kan, bahkan dokter spesialis juga ada ğŸ‘ğŸ»",5
"ga cuma dokter umum ternyata, dokter spesialis juga ada ya ternyata, baru tau aku juga",5
"Yang ga punya BPJS coba deh, lumayan menghemat soalnya kalo konsul jaman sekarang ke dokter above 50k, apalagi spesialis",5
"Sungkem sama yang buat klikdokter, sangat membantu ketika tiba tiba drop pas kerjaan numpuk",5
"Kalo cari yang available gampang, soalnya emang banyak juga pilihan dokternya. Jadi segimana kita butuh nah itu yang ada",5
"Jam berapa pun mau konsul ke dokternya dijamin ada yang stand by, tenang ya buibu responnya juga cepet koo",5
"Skeptis sama app ini awalnya, abis baca review, trs download and yess its user friendly",5
"Harganya anak kos friendly banget, pokonya kalo gue gaenak badan sedikit udh langsung klikdokter to the rescue deh",5
"Selalu suka sama pelayanan yang diajukan sama Klikdokter, puas pokoknya",5
"Ternyata pelayananya sangat memuaskan sekali, apa apa aku jd gampang dech",5
bagus bgt sih ini apk nya. gampang di gunakan.,5
"Paling mantep sih jujur ni aplikasi, selalu suka banget banget sama pelayanan nya",5
Dari awal emang udah tertarik buat nyoba soalnya pake aplikasi sebelah tu respon dokternya lama,5
"Mantep banget sih suka sama pelayanan dari klikdokter, selalu bikin customer nya puas dan nyaman",5
"Mantep abis sih ni aplikasi makin hari makin berkembang pesat, apalagi soal fitur-fitur yang terbaru",5
"Tampilan barunya lebih fresh dan mempermudah user untuk konsultasi dan booking dokter di faskes, kereeen!",5
"Puji syukur banget deh aku sama ni aplikasi, super duper membantu banget buat kami anak kost",5
"Mau mengapresiasi yang setinggi-tingginya sama klikdokter, si selalu berkembang terusğŸ‘ğŸ»",5
Pelayanan dan fiturnya balance banget sama-sama bagus pol,5
"Selama ini gue udah rekomenin ni aplikasi ke banyak orang, saking gue cinta dan nyamannya sama ni aplikasi",5
"Gaperlu lo antri-antri buat konsul sama dokter, ni aplikasi langsung sat set responnya",5
"Dari awal covid gue dah suka sama ni aplikasi, dimulai dari gue selalu stock vitamin pasti konsul dan beli dari ni aplikasi",5
Membantu bangetsi buat gue yang kaum mager mageran dan kalau sakit tu pengennya langsung ada obatnya,5
Selain responsif point plusnya tu pelayanan dari dokternya ajib pol,5
Patut diacungi banyak jempol buat para dokter-dokter yang super ramah,5
"Yang paling nyaman tu emang dari dokter-dokternya, ramah ramah banget fastrespon pula",5
"Chat dokternya buruk sekali ya, dijatah 30 menit tapi lama sekali membalas pesan yang sudah ditulis padahal bayar lho gak gratisan. Sekalinya balas kaya orang lagi dikejar debt collector, buru2 banget gak nunggu saya respon udah langsung dia selesaikan konsultasinya padahal belum habis waktunya. Saya udah 2 kali coba yang mana lebih dari 5 kali nya gagal menghubungkan. Bad experience buat aplikasi konsultasi online kek gini. Di app lain dokternya cukup tanggap dan fokus ke kita aja",2
"awal-awal covid tu selalu parno buat ke klinik, sampe akhirnya nemu ni aplikasi eh malah keterusan sampe sekarang",5
"Dari semenjak ngekost gue selalu pakai ini buat gue konsultasi, lebih hemat ajaah",5
"Selalu mantap deh sama ni aplikasi, gapernah gagal dalam apapun.",5
"Selain responnya cepet, ni juga sangat membantu buat kaum kaum mager keluar rumah apalagi masih keadaaan covid gini",5
"Gapernah kecewa sama pelayanan nya, selalu memuaskan pasien",5
"Bisa cek imunisasi anaku di klikdokter, jadi gampang deh sekarang",5
"Baru pertama kali nyobain konsul online, dokternya detail banget dan sabar ngejelasinya . Mantap pokonya",5
"Konsultasi kanker, jantung lansgung ke klikdokter mudah banget",5
"Gaperlu ngantri cuy mau konsul di klikdokter mah, soalnya donternya juga udh lengkap dan banyak",5
10/10 lah pokoknya ni aplikasi konsultasi sama dokter yang paling tercepat responnya,5
Perkembangan aplikasi ini melejit banget deh. Sekarang dokter-dokternya luar biasa. Paling suka sama responsif nya.,5
"Selalu suka sama pelayanan di Klikdokter, gapernah nyesel dah",5
"Suka banget!!! Sama aplikasi klikdokter ini, emang paling bikin nyaman",5
"Suka banget sama klik dokter, gercep banget balasannya dan pelayanannya juga memuaskan",5
"Siapa ya yg ciptain klikdokter, gila pelayananya sangat memuaskan sekali",5
"Suka banget sama pelayanannya, pasti selalu konsul ke klikdokter",5
"Omg ternyata pelayanan klikdokter sebagus itu, sampe temen2 ku minta dispill",5
"Dokter spesialisnya lengkap dan ready kapanpun, mau tengah malam juga masih ready",5
"Waw puas banget sama dokter disini, fast respon dan super baik dokternya",4
Terimakasih adanya klikdokter sangat membatu untuk semuanya,5
Riview aku sebagai pengguna setia klikdokter bintang 5 dehğŸ«¶,5
Selama ini saya selalu suka sama ni aplikasi mantep pol!,5
"Pelayanan dokternya mantap banget, aplikasinya juga fiturnya banyak bikin aku nyaman sama ni aplikasi",5
Pertama kali nyoba-nyoba ajah eh alhamdulilah malah nyaman banget sama aplikasinya,5
Gaperlu nunggu lama-lama buat kamu konsultasi ke dokter keren di apkikasi ini,5
"Doctor end the conversation in the middle of consultation, doctor doesn't ask for allergy, there is no detailed dose of the drug prescription, the app cannot find the pharmacy nearby me, how can I buy the drug? Uninstall it after first unfaedah use.",1
"klikdokter mempermudah banget buat kalo tiba tiba lagi sakit, dan gasempet ke dokter, atau lagi gaada yg bisa nganterin ke dokter, konsultasi dulu aja kesini, ini sangat membantu banget",5
Aplikasinya mudah digunakan (friendly user) puas banget deh,5
"Cepet banget dokter disini, walaupun tengah malam tetap fast response balasnya ğŸ¥°",5
Kalian kalau sakit suka berobat kemana? Kalau aku dan keluarga suka banget di KlikDokter,5
Aplikasinya sangat top banget bintang 5 dehğŸ‘,5
Happy bgt bisa nemu app klikdokter aplikasinya canggih bet cari dokter hewan ada dongg wkwk,5
"gampang gesss gunain aplikasi telehealth gini, menurut gw ini layanan udh paling baik dibanding kompetitor lainnya",5
"yang punya hewan peliharan gausah khawatir skrg ada vet juga di klikdokter, gausah repot bawa anabulku ke dokter hewan langsung hehehe",5
"klikdokter paling the bestt!! urusan konsultasi dokter larinya pasti kesini, suka sama respon dari dokter, tidak mengecewakan",5
"Kalau dibandingkan dengan telehealth lain.. ini app yang teroke sihh terutama soal layanan dokternya, attitudenya bagus dan profesional",5
"Honest review sebagai pengguna lama klikdokter, suka banyak promo yg jd salah satu alesan aku berobat disini dann dokternya emg berkualitas. Pantes buat dapet bintang 5!",5
"aplikasi telehealth terbaik yang pernah gw coba, khususnya waktu sesi chat dengan dokter itu biasanya kl di telehealth kendala respon yang lama tp disini dokternya fastresp dan baik bgt ditanya macem2 ttp menjawab dengan ramah",5
tinggal klik klik aja udh langsung bisa berobat + ga ribet hrs cari apotek dimana soalnya udh lengkap bisa tebus resep,5
"mantap nih klikdokter ga expect dapet well treated sama dokternya, apalagi bisa komunikasi lewat video call jd gampang dehh konsulnya",5
"Fitur video call waktu konsultasi memudahkan saya, jadi berasa konsul langsung apalagi bisa ngobrol sama dokternya yg super ramah â¤â¤",5
Cepat bukanya,5
Aplikasi error terus. Tidak jelas. Gak recommend deh,1
"Aplikasi yang sering error dan sangat tidak membantu. Tidak usah install, buang waktu",1
"Sudah pesan janji dokter berkali kali, tapi gagal terus.. yang dokter sibuk, gabisa tersambung, dokter sudah tutup (padahal diketerangan masih buka), dll.. jelek banget",1
kereeeen klikdokter bisa banget bantu aku buat berobat ditengah malem terus bisa sekalian tebus resep jd serba mudahğŸ¥° terimakasih klikdokter,5
Aplikasi sampah 5x order dokternya ga ada yg trima dana malah berkurang,1
"Setelah konsul dan pesen obat lewat klikdokter, kita tinggal duduk manis aja nunggu paketan sampe rumah",5
"Telemedicine andalan aku skrg klikdokter, paling bagus paling menarik..",5
"Buat ngerasain bagusnya sesuatu emang perlu dicoba dulu, awalnya aku underestimate sama KlikDokter, tapi ternyata setelah coba pake bagus juga dari berbagai aspeknya.",5
"Kita bebas memilih mau konsul dengan dokter yg mana, bebas sesuai pilihan kita, jadi nyaman kaan..",5
"Aplikasi kesehatan tuh banyak kompetitornya, tp yg pas dihati cuma klikdokter.",5
"Selain buat janji sama dokter, kita juga bisa booking rs via klikdokterğŸ‘ğŸ»",5
"banyak banget artikel kesehatan ter up to date di klikdokter, jd fresh ilmunya gaiss",5
"Sekarang lagi musim bgt sakit, tapi tenang aja sih karena kalo mau konsultasi tinggal pake klikdokter ajaâ€¦",5
"Kirain temen gw gimmick doang bilang konsultasi di klikdokter nyaman & enak, ternyata rill cuy, gw dah rasain sendiri",5
"kalo udah suka sama sesuatu, gue bakalan continue pakee, termasuk aplikasi klikdokter yg servicenya oke",5
"Bintang 5 sih buat klikdokter, pelayanannya the best menurutku",5
"Siapa sih yg gasuka promo, di klikdokter banyak bgt promo nya loh guyss",5
"sekeluarga bapilll, baru aja masuk musim hujan padahal. alhasil konsul klikdokter lagi dan lagi wkwkwk, dokternya baik bgt akhirnya w konsulin sekeluarga gt di satu dokter XD baik bgt dan gercepp",5
"alhamdulillah ada klikdokter jd ga kuatir dah w asam lambung gaenak gini, konsul udah dan obat jg udah otw. sangat helpful",5
"dokter spesialis apa aja ada ya ini di klikdokter, bau baunya mah bakal jd app telemedicine kecintaan saya",5
konsulin anabul ke vet di klikdokter alhamdulillah sangat terbantu karena dokternya fastrep dan solutif bgt,5
Kalo bisa online napa harus ribet pergi berobat offline? aku cukup pake klikdokter aja xixi,5
"Aplikasi KlikDokter sejauh ini yang paling enak dipandang interfacenya, terus gampang jg digunainnyaaa",5
dokter di klikdokter betulan baik-baik dan gercep-gercep banget sampe heran w,5
"Bapakku gaenak badan aku udah khawatir aja, tak suruh konsul klikdokter terus mau wkwkwk. katanya dokternya baik dan ga galak wkwk, jadi tenang wes ninggalin ortu di rumah karena udah ngerti telehealth",5
"baru kali ini konsul online sama dokter, balesannya secepet ini dan enak bgt baikkk. otw pindah hati ke klikdokter deh aku",5
sekeluarga ketagihan konsul di klikdokter wkwkwk. kata mamaku enak soalnya dokternya baik baik HAHAHA,5
"pelayanan klikdokter sejauh ini masih nomor satuw di hati gweee, soalnya appnya lengkap dan dokternya the bestt",5
user friendly banget ya ini klikdokter soalnya bundaku aja langsung paham diajarin sekali,5
"kayanya cuma klikdokter deh yang dokternya available kapan aja... pernah ada emergency subuh2 trus langsung terbantu lewat konsul dokter di klikdokter. salut bngt, thank you ya klikdokter huhu",5
"availability dokter klikdokter luar biasa dah wkwkwk, ada aja yg online sampai tengah malem. malah dokter spesialisnya juga lengkapp, mantepp",5
Keluar terus,1
di musim hujan kaya gini harus sering2 stok obat dan sekaliny drop boleh diabaikan. cuma di klikdokter saya percayain buat memenuhi kebutuhan tsb ğŸ˜‡ğŸ™Œ,5
nahh aplikasi teledoc begini yang gw cari. gk gampang crash atau lag tiba2 pas sesi sm dokternya. sama sekali gk pernah ngecewain!,5
"gw pribadi ngerasa kebantu bgt sama aplikasi klikdokter ini, jam berapa pun dokter disini selalu ready.",5
ga perlu mikir dua kali buat install klikdokter terjamin pokoknya kualitas dokter dan pelayanannya,5
Suka banget pilihan dokter spesialisnya di Klikdokter lengkapp ada drh juga dong wow deh!!,5
sekeluarga pd pake klikdokter ... selalu memuaskan dan pilihan dokter spesialisnya banyak,5
makasi Klikdokter udah bantu adik saya berobat online hihi maklum dia suka takut ketemu dokter langsung sungguh app yg instan dan solutif,5
KlikDokter semua adaaa dokter spesialis dan Health Tools-nya juga sesuai sama yang aku butuhin,5
pelayanan tiada duanya lah klikdokter ini. fiturnya banyak banget yg bisa kita pake dari janji dokter smpe bisa buat janji medis,5
berbulan2 udh langganan klikdokter jarang bgt mengecewakan. recomended buat yg males keluar rumah tpi perlu berobat,5
KlikDokter mempermudah kebutuhan saya tiap ada perlu beli obat. gk perlu susah2 lg ke apotik,5
Aplikasi kesehatan yang jadi opsi pertamaku kalau sakit soalnya gampang aksesnya,5
gw yakin org tua di luar sana juga bisa make app klikdokter karena ui nya mudah dipahami,5
"aku pernah konsul di app lain, tapi dokternya nggak nyambung :( untung klikdokter dokternya mudeng semua",5
tersuka kalau konsul di klikdokter karena loadingnya ga pake lama,5
"klikdokter ini cocok untuk pertolongan pertama saat sakit, apalagi pas sakitnya malem2",5
Bakal terus ngandelin klikdokter buat konsultasi kesehatan karena dokternya baik-baik,5
"ga cuma buat konsul sederhana, konsul spesialis juga bisa langsung sm klikdokter, keren deh pokoknyaa",5
"cocok bgt sm klikdokter karena pelayanannya selalu berkembang, mantap deh",5
"jujur, aku jarang bgt pake app beginian, tapi karena klikdokter menarik, aku jadi ikutan pake deh",5
ramah-ramah & profesional dokter di klikdokter. sangat solutif dan selalu ngasih resep dokter yg bs kita tebus,5
"minggu kmrn sekeluarga kena covid terus sahabat saya ngenalinlah app klikdokter, cobain beli paket isomannya ternyata worth it dtambah dapet voucher konsul dokter + gratis ongkir makin cepetlah kita sekeluarga sembuhnya. Thanks klikdokter",5
"aduuh adik kak jiiil, berobat di klikdokter beneran nyaman banget adik kak jil",5
"Kemana aja sih aku baru tau ada telehealth klikdokter ini?!! pelayanannya bintang 5, dokternya baik dan sama sekali ga ngejudge aku sebagai pasien",5
"terbaik lah klikdokter, andalan keluarga gue bgt kalau urgent butuh saran dari dokter",5
perlu konsul dokter tinggal meluncurrr aja ke Klikdokter. dokternya cepat dan tanggap,5
udah coba beberapa kali aplikasi klik dokter dan slalu puass sama hasil konsulnya,5
"Aplikasi telehealth yang bantu beneran buat jaga kesehatan soalnya ada fitur cek kesehatan pula, terus kalau sakit enak tinggal pilih dokter sp-nya buat konsultasi",5
Semoga jodohku kaya dokter diklikdokter ya sat set sat set langsung bikin sembuh hehehe thanks klikdokter,5
App-nya enak buat konsul dokter buat berobat + suka deh sm Health Tools-nya. Jd semangat jaga kesehatan.,5
"agak cerita dikit, jd keluarga saya tuh terbilang pd sehat2 bgt dah dan jaraaang gt ada yg ke dokter jdnya saya takut di-judge kalo ketauan ke dokter pdhl lg butuh bgt:"" tp syukurnya saya nemu app ini jdnya bisa scr online deh konsul dokternya lega sekalii thanks klikdokter udah bantu saya bgt!",5
"Sesimple itu konsul kesehatan di Klikdokter. Tinggal buka aplikasinya, pilih dokter yg sesuai sama keinginan kita, terus udh bisa dimulai deh konsul kesehatannya..",5
"Dokter di Klikdokter tuh superrrrr ramahhh tiap konsul ga pernah lg deh berasa canggung awkward gitu, da best deh",5
"Seumur2 cuma taunya app dokter buat manusia aja, eh rupanya bisa jg buat hewan begitu pakai klikdokter. Jd ga susah lg deh saya sm kucing peliharaan kl perlu konsul...",5
"Klikdokter menjiwai namanya bgttt tinggal klik2 aja langsung deh tuh ""ketemu"" dokternya lwt chat, konsul trs dapet deh kiriman obatnyağŸ‘",5
selama ini suka parno kalo ke dokter sendirian tp skrg ga perlu parno lg soalnya ada aplikasi klikdokter cukup lewat chat lgsg dapet hasil diagnosa dan resep obatnya<3,5
"Pilih klikdokter soalnya bisa konsultasi gratis, tapi setelah diupdate malah harus bayar. Gak bisa dibalikin lagi fitur konsul gratis ke dokternya?",4
Susah banget buat chat konsulnya. Udah bayar 50rb dokternya traffic. Pilih yang 30rb eh sisanya ga balik lagi. Pilih lagi yang 50rb karena yang tadi 30rb traffic lagi. Masa harus nambahin lagi sih. Anehhh,1
"Yang terpenting dari aplikasi kesehatan menurut gue yaa yg ga ribet alias mudah digunakan, dan gue memilih pake Klikdokter karena friendly user",5
"Zaman sekarang apa-apa serba digital, termasuk berobat pun udah bisa digital. Aku sih lebih milih pake Klikdokter, karena udah terbukti pelayanannya bagus",5
Diupdate mlh chat dokter jd berbayar semua ğŸ˜©,1
"Masukan. Kalau nambah anggota keluarga harusnya tidak perluada nomor hape, kalau anak balita yang di daftarkan gimana caramya.",3
top banget klikdokter. gak pernah nyesel pake aplikasi ini dari awal karena sesimple tapi selengkap itu fiturnya jugaa,5
Pengalaman terbaik dibanding apps sebelah ğŸ™,5
You should Try now...,5
"Kenapa sekarang tidak gratis lagi? Padahal dulunya saya pengguna setia klikdokter. Tapi semenjak konsultasi berbayar, saya uninstall soalnya saya juga tidak ada biaya buat konsultasi.",1
Abis di update malah ga bisa dibuka sama sekali apknya :(,2
"gue selalu langganan klikdokter sih soalnya beda sama yang lain ga neko neko, aplikasinya mudah dipake, harga terjangkau, terus respon dokternya juga ramah",5
"paling sukanya butuh apa aja dan kapanpun selalu ada nih kalau klikdokter, keren banget deh",5
"Pernah tengah malem asma kambuh tp takut bgt buat ke rs jam segitu. Dibantuin kaka konsul ke dokter di klikdokter, keren bgt masih standby dan lgsg di bantuin. Bener bener terbaik deh",5
"sempet ragu sama telemed karena kayak gimana ga kebayang gt konsul online se ngebantu apa. direkomendasiin temen pake klikdokter, eh super puas bgt pelayanannya, mana harganya lebih terjangkau lg",5
"klikdokter juara bgt sih, udah sering konsul disini ga pernah tuh nemu dokter yang judes.",5
"senyaman itu pake klikdokter, semua bisa dilakuin lewat handphone aja, obat juga tinggal pesen dan nanti bakal dianter sampe rumah",5
asik banget di klikdokter buat janji temu sama dokter bisa lewat aplikasi jadi ga pake ribet,5
"ga perlu worry pas musim pancaroba, tinggal konsul ke dokter dan beli obat di aplikasi klikdokter langsung",5
"awalnya dikenalin sama temen, eh lama2 jadi ketagihan saking mudahnya",5
"mau sungkem sama yang bikin klikdokter, bener bener mempermudah aku ngejaga kesehatan banget",5
aplikasi tdk ribet dan pelayanan memuaskan,5
dokternya bener bener ngedengerin dan jawab pertanyaan aku dengan super sabar,5
"dokternya bener bener ngehargai waktu konsul, responnya cepat dan lengkap",5
"konsul di klikdokter mudah banget dan efektif, gak ribet, nyaman juga",5
Semoga dokternya ga bosen bosen aku konsulin haha,5
"jam 4 subuh masih ada dokter yang praktek buat konsultasi, salut banget",5
"aplikasi yang bermanfaat banget, aku jadi dapet banyak info tentang kesehatan",5
"Wow sangat canggih sekali klikdokter, bisa tebus resep. Fasilitas kesehatan terbaik deh",5
Fitur reguler chatnya sangat membantu disaat tidak punya uang dan ingin chat ke dokter. Mantap.. Thanks KlikDokter,5
"download klikdokter pas kena covid kmrn untuk konsul ke dokter ttg protokol dirumah sekaligus beli paket isoman untuk stock vitamin, pelayanan baik dan cepat",5
"Pake klikdokter karena direkomendasikan temen, ganyesel karena harganya worth it banget sama pelayanan yg aku dapetin",5
"pas ortu kena covid, sy order paket isoman di klikdokter utk bantu pemulihan. vitaminnya lengkap dan ada trs, ortu jg gak perlu keluar rumah. alhamdulillah skrg keduanya sdh sehat kembali",5
"sudah bayar, tapi ketika mulai chat malah error gak bisa chat konsul sama sekali. hilang deh duitnya",1
"ga cuman dokter umum, dokter spesialis pun selalu ready setiap waktu. goodjob klikdokter",5
"kemarin aku sekali sekalinya nyoba konsul vc di klikdokter saking gakuatnya ngetik, dokternya baik puolllll, ngejelasinnya sabar banget dan gampang dipahami",5
eh demi apasih klikdokter bisa tebus resep lewat aplikasi? jadi gampang bgt ih suka,5
ngerasa lebih efektif sih pake layanan ini buat konsul sm dokter untuk pertama kalinya jd nggak perlu ngantre yg nunggu berjam jam gitu,5
"harga sangat ekonomis ditambah banyak promo lainnya. pelayanannya sangat memuskan, apalagi 1 aplikasi tuh fiturnya lengkap bgt",5
"responnya cepat, saran jangan jelas dan mudah dipahami. harga layananya juga murah dan lengkap fiturnya",5
"aplikasinya gampang dipake, layananya oke gercep, harganya juga murah ditambah selalu ada promo juga",5
"semenjak download aplikasi ini aku jd lebih care sama kesehatan badanku, suka baca artikel yg ada di dalemnya plus suka konsul lsg sama dokternya kalau masih bingung",5
Penjelasan dokternya rinci bgt dan oke sekali. Dokternya ramah dan malam pun masih banyak yang online.,5
solusi yg pas banget buat konsul online dgn harga miring. dokter spesialisnya banyak dan ready semua,5
sbg anak kostan sering panik klu sakit sendiri tp alhamdulillah smjak pake ini jadi tetep tenang wlau sendiri,5
jadi andalan sih kalau aku butuh saran dokter yang cepet karna cuma di sini yg dokternya selalu standby dan responsif bgt,5
"Aplikasi sangat mudah digunakan, banyak fitur dan tidak membingungkan. Jika butuh sangat rekomen untuk di download.",5
this app is very helpful. akses nya sangat memudahkan dan selama sesi konsultasi pun dapat dimengerti dengan baik. very recommended,5
"tebus resep pribadi di sini gampang,, prosesnya juga cepet,, pilihan rumah sakit buat kita cek juga lengkap bgt",5
"Harga terjangkau, penjelasan dokter memuaskan, dokter juga ramah dan baik sekali.. terimakasihh klik dokterr",5
Okay,5
asam lambung tiba2 naik dan sesek gitu bingung harus apa untungnya dokter disini ready walau jam 10 malempun responnya cepet,5
"dulu tiap mau konsul sm dokter kulit bayar mahal dan ribet, skrng aku selalu konsul disini sih murah, praktis, dan dokternya tuh oke banget. aku selalu sm dokter monalisa, thank you dok",5
ğŸ¤,5
"Sangat membantu aku kalo asam lambung kumat tiba tiba, dokternya ada kapan pun",5
"ternyata daripada berobat di rumah sakit yang harga lebih mahal dan butuh ongkos, mending berobat aja yak di klikdokter, baru tau ternyata harganya murah bgt dan promosinya tuh banyak apalagi kalo liat dari pengalaman dokternya baik baik dan ramah",5
"ini gua yang norak atau gimanayak, baru tau ternyata konsul di klikdokter enak dan nyaman bgt, dokternya baik, konsul masalah mental juga jadi lebih tenang, apalagi kalo ngeliat gimana dokternya ngasih solusi, bener bener enak penjelasannya dan gakbikin akuoverthingking lagi. huwaaa thank you klikdokter!!1",5
Huft pelayanannya jelek bgt,1
sukakkk bgtttt aaa dokternya super baikkkkk bgt dan aku cerita permasalahan kesehatanku jg jadi enak,5
"gais kalo sakit gaperlu ribet lagi deh ke rumah sakit, karena menurut aku di klikdokter tuh pelayanannya sama dan dokternya juga ramah bgt jadi gausah ragu lagi klo mau berobat di klik dokter",5
"hampir semua temen temen peersku pake aplikasi ini, soalnya enak banget konsul disini tuh gampang, terus dokternya baik n sabar tentunya",5
fungsi buat beli obat bagus,5
"download aplikasi klikdokter karna dikasih tau temen katanya bagus dan pas aku cobain bener bagus banget, fitur fiturnya lengkap, terus aplikasinya juga user friendly",5
"Ngebantu banget kalo butuh dokter mendadak, dokternya juga fast respon ğŸ‘",5
"aplikasi yang selalu saya pakai dari tahun lalu, belum pernah ganti karna alhamdulillah engga pernah kecewa. bintang 5/5 untuk pelayanannya yang bagus",5
"harganya standar bahkan beberapa layanan lebih murah, dokternya selalu tersedia pas aku butuh jadi sangat membantu kita. pelayanannya juara gk usah diragukan lagi",5
keramahan dokternya betulan bikin hangat banget dan gak bikin segan gitu kalau konsul di sini,5
"kalo boleh jujur pake layanan ini emang baru sebulanan deh, tapi udah nyaman karena dokternya lebih gercep dan sigap daripada yang lain. penjelasannya juga detail banget",5
"emang keren sih dokter dokter disini tuh, kemarin pernah konsul jam 2 pagi tetep dapet balesan dgn cepet dan juga ramah",5
"Aku rekomendasiin apk ini sih apalagi buat ngajarin ortu, soalnya user friendly banget gak bikin bingung terus dokternya ramah ramah",5
"baru dua kali konsul disini tp sudah sesuka itu jujur aja, soalnya tuh nyaman banget atmosfer chat sama dokternya. balesnya jg cepet bgt deh jadi enak",5
"berkali kali ke konsul, kayanya dokter disini paling komunikatif dan fastrespon deh, ditambah jawabannya nggak kaya template google",5
"waktu itu nyokap w konsul disini dan dokternya ramah terus sabar banget jelasin ke nyokap w gitu walau paham lah ya nyokap-nyokap kalau thru chat tuh kaya gimana wkwk, mantep dah",5
"Terakhir konsul, terus pas waktunya masi nyisa nanya nanya gitu ke dokternya tetep diladenin dengan ramah sama sabar juga keren lah",5
yang udah nyoba klikdokter pasti ngerti kan seberapa ramah dan gercep dokter dokter disini,5
"Worst app, dokter gak responsif",1
"sy pake dua kali kalau gk salah, dokternya ramah-ramah dan ada terus jam berapapun",5
"aplikasi telemedicine gini yang penting sih ya dokternya, dan emang klikdokter juara sih dokternya dalam hal standby dan being fastresponsive. jempol lah",5
"sekarang asam lambung naik gitu gak panik lg walaupun tengah malem, dokter disini tersedia terus dan selalu fast resp walau subuh-subuh pun",5
"aku ragu pas awal tau harganya kok murah banget, tapi pas nyoba malah betah di klikdokter wkwk, dokternya fastrespon banget dan ngejelasinnya rinci juga",5
saya kira aplikasi yang kurang bagus.,1
Tidak bisa upload resep,1
Very nice app. Doctors really help me,5
"Easy to use, and the doctors really professional. Also we can consultation in free mode, we'll get 15 minutes to chat with doctor, and it's enough when we want to ask simple thing to doctor quickly.",5
"Chat hanya 30 menit, Kita chat dokternya pesannya baru deliver sekitar 20 menitan yauda percuma habis waktu konsultasi ga dapat apapun. Terus pilih dokter antre ulang lagi ulang lagi ketik voucher premium nya.. it's just wasting of time and money !!",1
"Sumpah... ini aplikasi the best... bbrp x aku konsultasi trs beberapa hari kemudian costumer service baik bgt dan peduli, nelpon cuma untuk menanyakan perkembangannya kesehatan aku...",5
Aplikasi yg sangat membantu,5
"Very bad, I try to make account and always failed, can't login because about session session and session",1
ğŸ‘,5
Very bad application. Paid twice for video call with the doctor but nothing happen. Then giving me voucher but I still can not reach the doctor. Very disappointed,1
anuekmadah indonesia,5
This app is very helpful,5
Hi semua jangan ragu untuk download app ini. App nya bagus Dan dokternya ramahğŸ˜ŠğŸ˜ŠğŸ˜Š,5
Good app,5
"Sangat tidak memuaskan, tolong diperbaiki durasi chat, hanya 30mnt blm selesai sdh mati, kan gk enak bgt lg konsul apa iya harus bayar lg, gk kyk app yg lain beda cuman sedikit tapi bisa sepuasnya bertanya tanpa harus terputus.",1
"BAGUSS BGTT AAAAA SUKAAAA, BUAT KALIAN YG MAU TANYA2 SEPUTAR KESEHATAN KALIAN BISA TANYAIN DISINI, GAUSAH SUNGKAN ATAU MALU, DOKTERNYA BAIK, GA GALAK KO, CHAT NYA DIBALESS FAST RESPON BGT, DAN PENJELASAN NYA DETAIL PARAH, DAN YG PALING PENTING GRATISSS TIS TIS, APK INI JGA BISA BUAT TEBUS OBAT, BUAT JANJI RS , SAMA PAKET ISOMAN, LENGKAP BGT KAN? BURUAN DOWNLOAD SKRNGğŸ˜šâ¤",5
dr tresia susilo spd d,5
"Entah ya dokternya ada yg akurat, ada yg gadungan",1
Kereeeennn,5
Auto Uninstall.. Dapet notif disuruh gedein peli.. Ga rekomen ni aplikasi.. Malah kalo bisa gw kasi bintang Â½ atau Â¼,1
"aplikasi nya bagus, cm TIDAK RELEVAN klo hanya bertanya aja tapi langsung di kasi resep tanpa konfirmasi dulu... harap diperbaiki bagian ini...",5
Easy to use,5
Oke good job,5
"Saya tidak bisa masuk ke chat setelah bayar, aplikasi sulit dipahamai, saya tidak akan pakai lagi klikdokter",1
"Coba ikutin aplikasi apotik lain, kalo masukin kata kunci obat itu di list aja tampilkan persamaannya, biar kita bisa memilih, kategori batuk misal, diliat lah tampilkan obat2an jenis batuk, tenggorokan dll. Merepotkan kalo kita harus scroll terus kebawah mencari, nama yg kita cari ga harus persis perhurufnya.",2
"Sangat mudah, efisien, dan penjelasan dokter sangat memuaskan",5
So far so good satisfying,5
"Telat chat beberapa detik langsung end chat â˜¹ï¸ padahal waktu 15 menit , belum habis udah maen end , kan bayar â˜¹ï¸",1
Dokter dokter disini sangat responsif dan menjelaskan secara detail,5
"After the payment made there was nonconsultation at all, and then the mesage pop up ""your consultation is over""",1
"Chatnya error, saya keluar dari menu chatnya masuk kembali sesi chat langsung berakhir padahal hanya 1 menit dr mulai chat nya.",1
Helpfully.. Thanks klik dokter..,5
Nice and helpful appsğŸ‘,5
mantap aplikasi yg sangat berguna,5
Aplikasi nya mudah digunakan dan sangat membantu,5
Nice and helpful aplications,5
Pertama kali cobaa..sangat memuaskan..kirain wktu chat bkl dijwab ama robot..ternyata emank bnran langsung dijwab ama dokternyaa...,5
"aplikasinya ngebug, lg browsing liat liat karena baru instal. tiba tiba nyambung ke salah satu dokter gt. kaget, takutnya disangka main main. padahal lagi liat liat dulu,belum siap konsultasi tapi tiba tiba tersambung sama dokternya. auto panik !?",3
ğŸ‘,5
Mudah dan paling murah untuk dr spesialisnya. Terima kasih ğŸ™ğŸ»,5
Helpful,5
"Salam ..maaf sy ada di malaysia mau daftar klikDokter tidak boleh krn harus comfir no fhon indonesia, sedangkn sy pakai no fhon mayasia tidak boleh .. Sediih la mau konsultasi kesehatan sy ini",5
56jt,5
Love it,5
Mantaap,5
UX Bad,1
Misleading healthcare facilities and inaccurate doctor availability,1
Sangat membantu,5
"Very help full , fast response",5
"Dokternya baik bgtğŸ˜­ğŸ‘ğŸ»ğŸ’•, gratis lagi. Karena app ini aku lebih tenang dan ga panik lagi makasi bgtğŸ˜­ğŸ˜­",5
"Fitur ""chat regular"" pada aplikasi ini memberikan konsultasi gratis dalam hitungan mundur. Sangat meembantu sekali.",5
Sangat membantu sekali. Apalagi ada beberapa dokter yg tidak perlu membayar. Tapi tetap memuaskan penjelasannya. Bagi yg kurang mampu sangat membantu.,5
"Kejam , dokternya mau kasih resep Eh chatnya malah dimatikan sama pihak klikdokter Sedih...",1
Cukup membantu dan respon cepat,5
"menurut aku klik dokter adalah salah satu keadaan dimana sebelum mencapai RSU kita sudah tau kenapa pasien , dan pencegahan nya",5
MAKASIH DOKTER,5
This application is very good,5
Very good and useful app,5
Helping me to be a good time with my family,5
Baik,4
Good.,4
Aplikasi yang sangat simple. Saya suka pakai aplikasi ini kalau menginginkan respon yang cepat dari dokter online.,5
Udah sy bayar 2x g ada respon dari dokternya,1
"Terimaksih, sangat membantu.....",5
Good,5
Good app. Very helpfull,5
Bagus. Suka konsultasi di sini,5
Sangat membantu,5
Show me the mevie film,5
Aplikasinya sangat memudahkan dalam konsultasi. UI nya jga mudah dikenali jadi gk ribet,5
Bisa di andalkan saat dibutuhkan cepat harganya murah,5
Biaya terjangkau dan sangat membantu,5
Sangat membantu di saat pandemi,5
Fastvresponse aplikasi bermanfaat,5
Konsultasi yang memberikan pelayanan secara prima mulai dari konultasinya dan juga jawaban dari dokternya,5
Ada pelayanan reguler yamg dimana konsultasi bisa gratis dan jawaban dokter memuaskan,5
Dokter Andrew penjelasannya sgt detil dan sangat membantu sekali. Terimakasih banyak Dokter Andrew,5
Very good Application,5
Very Helpful and Voluntary Doctor also Available,5
"Aplikasi aneh, dibayar jam 20:00 notifnya berhasil, di cek jam 21:00 resep kadaluarsa dan history pembayaran smua tidak ada. CS gak membantu disuruh klik resep kadaluarsa katanya masih bisa digunakan, di klik gak muncul apa2. sorry sy uninstall, bad experience with this apps",1
"Berkualitas. Pol, deh.",5
"Klik dokter keren...semua jadi mudah dan praktis, beli obat ga perlu antri lagi.toppp",5
"Aplikasi yang sangat bagus, sangat membantu saya utk dapat info seputar kesehatan yg benar benar terpercaya dan memudahkan saya bisa konsultasi dg dokter spesialies tanpa harus antri di rs.. ğŸ‘ğŸ‘ğŸ‘",5
Aplikasinya klikdokter sangat membantu sekali .. Mantap,5
"Membantu banget di kala pandemi seperti ini. Konsulnya gampang dan dokternya juga fast respon. Jawaban dokternya juga detail bangeet meskipun pakai yang free. Super super lovee ğŸ˜ğŸ˜ Oh iyaa, fitur2 lain juga membantu banget lho, kayak deteksi covid-19, daftar vaksin laksia, dan kalkulator kesuburan buat aku yg lagi promil ini. Hihi. Pokoknya the best lah KlikDokter ini. Ditunggu fitur2 barunyaa yaa.",5
"bagus, sangat membantu",5
sangat membantu sekali,5
"Aplikasinya recommended banget. ğŸ‘ğŸ‘Two thumbs up deh! Buat kamu yg takut keluar rumah karena pandemi mending konsultasi online di aplikasi KlikDokter ini aja karena dokternya ramah-ramah, profesional, and fast respon. Mau sekaligus beli suplemen atau obat juga bisa lho, banyak diskonnya guysss. Kemarin juga sempet daftarin vaksin lansia untuk nenek di sini. Gampang banget tinggal klik. Terima kasih KlikDokter. ğŸ’™",5
Sangat membantu di masa pandemi seperti ini untuk konsultasi secara online dengan dokter dan juga banyak artikel-artikel mengenai kesehatan yang bisa menambah wawasan. Tampilan aplikasi nya juga sangat menarik dan user friendly,5
Great application to help us very fast in urgent situations ğŸ‘ŒğŸ¿,5
Aplikasi ini sangat membantu saya yg awam sama ttg kesehatan dan responnya sangat cepat. Terima kasih klikDokterğŸ‘,5
"Useful sekali, tinggal klik bisa dapet informasi dan artikel menarik seputar kesehatan terkini dan bisa konsultasi dokter. Good job!",5
Good,5
Blm dipakai apa2 kuota voucher dr pembayaran yg dokter sibuk kok dah hbs..jelek bgt sih,1
"very good ğŸ‘ i haven't tried the other app. But the first time i'm using klikdokter, it makes me dont want to try another apps.",5
Sangat membantu dalam konsultasi dgn dokter dan artikelnya sangat bermanfaat.,5
apps yang keren nih buat gue jadi gak perlu ke rumah sakit ğŸ¤©ğŸ¤©,5
Respon cepat,5
Respon dokter cepatğŸ™,5
Very useful and good user experience!,5
"bagus bgt dan sangat berguna jika ingin konsultasi kepada dokter melalui online, apalagi dengan pandemi skrg ini orang"" ingin skali konsultasi tetapi tidak ingin keluar rumah, nah klik dokter ni sangat berguna",5
"Sangat membantu saat ada kondisi mendesak dan tidak terlalu darurat untuk pergi berobat, tinggal tanya klik dokter deh. Terima kasih klik dokterğŸ‘ğŸ»",5
Aplikasi yang sangat membantu untuk mendapatkan informasi kesehatan,5
Good and Best Application ğŸ‘ğŸ»,5
Wow keren nih apss lagi pandemii gini buat saya lebih sehat dan nyaman terhindar kerumu an di rsğŸ˜ğŸ˜,5
Aplikasi sangat membantu,5
"Aplikasi ga bagus sistem transaksi ga rapi, 3 resep dipisah2 3x ongkir, giliran sy order obat, Obat nya ga ready, ditanyain cs terus katanya bs dikondisikan untuk obatnya, giliran diorder ulang dan bayar eh ada tambahan biaya 2x lipat dari harga obat diinvoice dan suruh bayar cash. Saya iyain eh tw2 dibatalin katanya apotek tutup. Grab telp sy ngomel2 udah nunggu obat maen cancel aja. Esok Paginya ditanya lagi mw order ga? Lah kan udah dibayar. Emosi jadinya. ğŸ˜¡ Abis ini langsung Uninstal kecewa",1
"Dapet konsultasi dr. Spesialis dgn promo potongan harga jd Rp.0,- jd gak perlu ke rs dan gratis, dapet resep obat jg, tinggal tembus di apotek thankyou, very helpful",5
Informasi nya sangat berguna,5
Responsive,5
"excellent, the doctor answer every question that I ask, , and explain it in the very good way, and I am satisfied.. ğŸ‘ğŸ»ğŸ‘ğŸ»ğŸ‘ğŸ»ğŸ‘ğŸ»",5
Aplikasi kurang responsif,3
sangat bermanfaat dan sangat bagus thanks,5
"saya punya banyaaak sekali ide untuk pengembangan klik dokter. bisa bikin free webinar jg kan untuk pasien. bikin workshop contohny kegiatan seru bareng anak spy rajin gosok gigi.. yg mudah aja..pake montesori dan barang yg ada drmh. bikin games berhadiah, kuizz.. dll..ğŸ¥³ğŸ¥³ğŸ’–ğŸ’¯ (drg Tika pp spKG)",5
Doctor not respond our chat even already pay for it,1
"Kecewa banget, ak instal krn liat reviewnya bagus..dan ambil konsul ke dokter yg berbayar, ternyata cuma dibatasi hanya 30 menit konsul..konsul langsung dgn online pasti berbeda..mengetik, mencari data yg diperlukan memakan waktu blm lagi menunggu balasan dokter. Jadi blm mendapat jawaban dr dokter wkt konsulnya habis.. Saran kalo tetap mau kasih durasi konsul setidaknya 1 -1,5 jam. Agar pasien ada wkt untuk menyipakan data2 yg diperlukan.",1
Gila bgt tdny msh kasih bintang 2 karna msh on process nunggu 10menit eh sampe skrg udh selesai sesinya kaga dbales2 jir . Ya 10rb doang sihya tp kan uang ya sayang bgt weh gabisa dbalikin apa ? Gimana sih,1
"Sangat membantu masyarakat dalam hal konsultasi kesahatan,",5
Ok,5
"sudah dibantu dan respon cepat, terima kasih senang konsultasi di klik dokter",5
Will listening first,4
Ahhh sudah bayar... dokter nya status online... ga dijawab sama sekali... payahh nih aplikasi jg ga fair.. saya Minta REFUND!,1
"Terimakasih klik dokter saya bisa berkonsultasi dengan mudah dan gratis tanpa harus pergi ke klinik, layanan dokternya juga mudah dipahami dan taktis.",5
Praktis dan mudah.. recommended banget,5
very helpful application,5
"Sangat membantu, mudah mendapatkan obat tanpa harus keluar rumah, pelayanan chat dokternya juga sangat membantu. Good job!ğŸ‘Œ",5
Sangat membantu bagi orang yang masih takut untuk konsultasi ke klinik atau rumah sakit saat pandemic seperti sekarang ini,5
"Apliaksinya sangat membantu, apalagi di musim pandemi ini, loved it",5
Dokter ramah dan penjelasan detil.,5
"Aplikasinya bagus bgt, sangat mudah utk bisa konsultasi lsg dg dokter, ada artikel & tips2 ttg kesehatan jugağŸ‘",5
Aplikasi yang amat sangat bermanfaat disaat pandemi gini. Dokternya ramah banget jd seneng konsultasinya ğŸ¤—,5
"sangat memudahkan, simple, berguna",5
"Actually, very helpful when this pandemic. So apps, loved it.",5
"24 jam chat dokter ready, konsulnya solutip klo kata bu tejo ğŸ˜Š admin chat nya jg ramah & sopan. SUKAK!",5
"during pandemic and uncertain time like this, this app surely help me a lot! very easy to use, thank you ğŸ™ğŸ»",5
"Artikelnya keren, bisa konsultasi secara online dan tentunya gratis ğŸ˜",5
Very helpful for a new userğŸ‘,5
Aplikasi klikdokter sangat membantu untuk menjaga dan meningkatkan kesehatan kita ğŸ™‚,5
Terimakasih banyak Klik dokter. Aplikasi ini sangat mudah dan membantu saya untuk menjaga kesehatan. Bisa berkonsultasi langsung dengan dokter yang ramah dan baik.,5
Puas bangettt dan bermanfaat banget... Bisa konsultasi sm dokter tanpa harus keluar rumah trs langsung dikasih resep obatnya lagi,5
"Aplikasinya sangat mudah digunakan, sangat interaktif dan menyediakan dokter yang kompeten, terimakasih",5
Helpful app.. Simpel bgt kalau mau konsul.. Bagus lagi.. Sering2 ada promo utk konsul scr gratis.. Mantap,5
"Terbaiklah, live chatnya gratis, dokternya ramah dan banyak banget fitur2 yang sangat membantu. Recommended ğŸ˜Š",5
Helpful and good Apps,5
"Login akun, kirim kode otp selalu kesalahan jaringan, padahal jaringan saya stabil, mohon diperbaiki",2
Very helpful,5
"Saya sudah coba fitur chat reguler gratis, pelayanannya memuaskan, terimakasih KlikDokter",5
good app,5
Best health app in Indonesia!,5
"Bayar 50Rb tapi dokter sama sekali ga balas chat, uang tidak kembali. Ini beneran legal gak sih? Install coba sekali, langsung uninstall.",1
Dokter disini profesional dan sangat membantu.,5
Helpful. Doing conversation with the helpful doctors is an amazing experience when I using this app. Great app for doing great job. Keep it up. Sukses terus. Terimakasih,5
Good,5
tolong diperbaikin sistem nya,1
"sudah bayar 20k chat tidak dibalas sama dokter hingga akhir sesi, sudah complain ke cs jawabannya pun tidak membantu",1
Mantul,5
Bagus nh aplikasinya sangat membantu,4
"Sangat kecewa sudah membayar ,dokter tidak merespon sama sekali uang habis percuma",1
not good,1
"Payment Success Tapi Chat tidak dibalas dokter ! dokter terlihat on pada aplikasi, namun chat saya tidak dibalas tanpa konfirmasi apapun. Saya merasa tertipu ! Tidak solutif dan saldo ovo saya sudah dipotong ! BuangÂ² waktu disaat panik. Huh",4
Parah udah bayar 2x pake gopay gabisa chat malah masuknya ke payment terus. Mayan 30rebu gua bos buat makan kagak bisa direfund lagih,1
Aplikasi yang sangat membantu karena ada bebas konsultasinya. Harga konsultasi berbayarnya pun sangat murah dibandingkan aplikasi sejenis.,5
"Awalnya suka banget pake aplikasi klikdokter. Kalo ada apa2 lgsg tinggal chat aja. Apalagi skrg saya kondisi hamil dan takut bgt ke dokter umum. Tp sdh beberapa hari ini setiap kali saya mau chat dokter kok selalu gak bisa ya? Tulisannya ""terjadi kesalahan, silahkan coba beberapa saat lagi"". Saya kira awalnya koneksi. Tp udh ganti dr wifi ke kuota tetep sm aja. Saya coba bebrp hari kemudian jg gak ada perubahan. Ini udh seminggu lbh chatnya error. Pdhl saya lagi sakit dan pengen tanya ke dokter",1
"Khusus buat warga 62+ ? Karena verifikasi nya gak bisa, saya pake 60+",5
"nice one apps, the doctors fast response and keep it up ğŸ‘",5
Very helpful apps! Loved it. Keep it up!,5
Mantap nih aplikasi,5
Very helpful,5
"Aplikasi yg sangat membantu untuk konsul dengan dokter apalagi bisa memilih dokter sesuai yg kita mau, bisa membantu juga untuk bisa menebus obat tanpa harus keluar rumah dan juga ada artikel artikel kesehatan. Terimakasih klikdokter",5
"Dokternya fast response dan ramah, aplikasinya sangat memudahkan",5
"aplikasi yang sangat bermanfaat, memudah saya dan keluarga untuk berkonsultasi dengan dokter terbaik",5
"Aplikasi yang nyaman untuk digunakan. Respon dokter sangat cepat, dokternya ramah2, dan penjelasannya ok bgt ğŸ‘",5
Respon dokternya cepat dan konsultasi dokternya ramah dalam mendengarkan keluhan,5
dokternya balas chat lama. mungkin bisa dibuat sistem lebih ke fokus per pasien ketika konsul jadi bisa fast respon,1
nomor verifikasi dari sms tidak dikirim,1
Terimakasi,5
Aplikasi yang bermanfaat dan sangat membantu,5
Best app ğŸ‘ğŸ‘ğŸ‘,5
"Saya sudah pake premium (berbayar) malah chat saya tidak dibalas sampe waktu habis. Saya jafinya tidak bisa konsultasi, saya menyesal download aplikasi ini!!!!",1
Ok so far,4
Berguna,5
Rugi cokk... Abis 10k utk spesialis tp gada respon sampe limit waktu 30min.. yg dokter gratis malah cepet balas nya.. taii lahh.. org lg sakit malah diginiin.. niat gak sih jd dokter.. cuihh !!! Balikin 10k gw cukk,1
verifikasi sms tidak pernah masuk,1
Sangat membantu..,5
"Respon cepat, ramah dan rekomendasinya ok.",5
Bagus Appsnya!,5
Keren,5
"Sangat amat membantu, tetap dapat berkonsultasi secara gratis (opsional) di kala darurat, kita dapat memilih dokter yang berbayar maupun yang tidak berbayar. obat juga cepat sampai, saat saya ada kendala transaksi obat, saya di bantu oleh CS via chat WA. Sangat memuaskan! Hebat!",5
"Silahkan coba, pasti akan tau jawabannya kenapa saya beri *5",5
very good,5
Sudah pilih yang berbayar tapi tidak ada balasan chat dari dokternya,1
Very good account for increasing my health knowledges,5
Good,4
"Mau konfirmasi pembayaran saja ribet. Bisa mendaftarkan orang lain, tapi yang mendaftarkan tidak bisa melakukan konfirmasi pembayaran. Harusnya dibikin saja tidak bisa mendaftarkan orang lain. Jadi tidak bikin repot",1
"Sangat slow respond dokternya, bisa bbrp minggu kedepan baru dibales, tp artikel2 didalamnya bagus..",3
"Saya gak bisa verifikasi nomor hp, kodenya gak masuk. Jadi gak bisa pake appnya",2
Phone number verification sms not received,1
PELAYANAN RAPID TEST DILAPANGAN SANGAT MEMUASKAN. APLIKASI PENDAFTARAN DAN PEMBAYARAN SUDAH BAGUS. YG BERMSLAH ADALAH CUSTOMER SEEVICE MANUAL BY WA. SAMA SEKALI KOORDINASI JELEK DENGAN MEKANISME APLIKASI YG SUDAH BERJALAN SEMPURNA,3
"Di samping tulisan chat regular harusmya dikasih tulisan gratis. Soalnya pengguna baru yg ga tau langsung tekan tiba2 nyambung ke dokternya jadi kaget & bingung ""takutnya bayar gitu"".",4
"Aneh. Klikdokter kalau dibandingkan dengan aplikasi yang memberikan pelayanan yang sama lainnya, paling aneh. Aplikasi nya sendiri tidak memudahkan penggunan dan konsultasinya seperti berbicara ke robot, template terooossss.",1
Nice apps,5
kenapa saya tidak diberikan opsi untuk HAPUS Akun ya? tolong ditindaklanjuti karena ini masalah privacy.,2
Good,5
3 kali konsultasi lancar dan memuaskan,5
Good aplication. Need room for giving free service at specialized doctors.,4
"""Content writer"" nya klikdokter research ga sih? Atau asal tulis yang penting ada content?",1
"You know what one of your so called doctor asked me to google my problem. Like w.t.f. i mean even ""doktor umum"" don't know how to answer doesn't mean she can tell me to google????? Like explain to me KINDLY not to google or short half forking asses answer. If you guys can't handle patient. Why bother. Uninstalling :p",1
"Sesi konsultasinya sangat baik, tapi aplikasi selalu bermasalah saat saya mau menebus obat. Akhirnya tidak bisa beli sudah sampai 3x sesi, saya harus ke apotek sendiri untuk cari obatnya.",3
Sangat menolong saat Kita perlu konsultasikan tapi karena covid19 harus membatasi diri ke RS,5
Ok,5
"Waste money and time. Waktu konsul 30 menit, selama itu hingga waktu habis dokter ga ada tanggapan sama sekali. Udah ditungguin bahkan sekalian chat panjang lebar sampai waktu selesai masih dikacangin. Komplain ke CS minta refund hanya dikasih voucher free consultation yang saya tidak butuhkan. Minta refund kekeuh ga dikasih",1
Why don't you have a Psychological option. It's important too. I don't believe you missed it.,1
Fast Response.. ğŸ‘,4
"Berdasarkan pengalaman saya, saya percaya bahwa banyak dokter umum bukan dokter.",1
"Mudah dan cepat. Obat langsung dikirim ke rumah setelah lunas. Staf klikdokter juga tanggap dan responsif, sangat membantu customer ketika pertama kali menggunakan aplikasi. Thanks mas Reno. Thanks dokter Leo.",5
"dokternya ga niat semua ya? ga ada spesialisasi, jawab template. bubarin aja aplikasinya",1
Mantabb,5
aplikasi ini sangat membantu bagi saya.,5
Good app and very helpfull,5
"Bagus bisa konsultasi gratis, sgt membantu, g downloas rugi.. ndak perlu kemana2 tgl buka ini masalah beres beli obat",5
Dokternya tidak pernah balas chat. Useless,1
I can't open the app Live chat no available,1
Easy to use..,5
Dokternya fast respon,5
Terima kasih aplikasi ini sangat berguna :),5
Good,5
Very good,5
"Login app susah banget, apa mungkin karena kebetulan server busy kali ya. Dan sudah berhasil login, untuk respon dokternya lama banget jadi gak efisien waktunya, terbuang sia sia. Padahal masih banyak yg ingin ditanyakan di waktu yg diberikan sangat sedikit.",2
Bagus,5
Sangat membantu,5
Aplikasinya jelek,1
"Percuma ada aplikasi ini karena tiap saya konsultasi malah disuruh ke klinik terdekat.. Terus fungsinya ente sebagai dokter di aplikasi ini itu apa?! Sudah 2x Konsultasi berturut turut seperti itu, kalau sarannya selalu disuruh ke klinik terdekat, abang telor gulung juga bisa!!",1
In the profile settings not listed for birth on February 29,3
"Tidak bisa login, sudah berkali kali dicoba, kode verifikasi yang dikirim tidak sesuai, aplikasi tidak dapat digunakan. Uninstalled.",1
Okk,5
Sangat membantu.thanks,5
Bagus apps-nya. cepat dan mudah digunakan,5
Ahmazaidi Roslee,4
Sangat membantu sekali,4
"Simpel, mudah digunakan.",5
Ok,5
Sangat membantu,5
good apl support the health,5
Ga salah pilih qplikasi ini,5
"It's really bad app.. after get some new update for this app then everytime I open up this app, n want to make medical consultancy but nothing work out keep give me pop up notification that new version is available need to be updated although I hv done that before. Very dissapointed.. I think this app much better than Alodokter, but same worse.",1
Thx for share,5
Sangat membantu,5
Good,5
Bagus,5
good,5
Kereeen,5
Bagus,5
Ok,5
Ok,5
Salah satu solusi untuk emergency,4
Good,5
Mantap. Sangat membantu,5
Fast response,5
"Terimakasih klik dokter,,, memberikan pelayanan terbaik dan konsultasi terbaik.dan pastinya untuk masyarakat bisa lebih dekat dengan dokter untuk segala situasi dan kondisi demi kesehatan... Dokter nya juga ramah2 . sukses trus untuk klik dokter.....",5
Thx,5
Super fast response from the online doctor. I have consulted twice and once at midnight but yet fast reply. Nice apps!,5
Can't access and login,1
"Halo min, tadi rencana mau chat live dengan dokter. Pas udah masuk antrian, selalu close sendiri aplikasinya. Selalu begitu setiap mau melanjutkan chatting. Sekarang posisi masih tidak bisa chat. Aplikasi menutup sendiri. Tolong diperbaiki ya.",2
Terima kasih aplikasinya sangat membantu responnya jg cepat untuk dokternya.,5
"Saya download aplikasi ini 3hari yg lalu karena nonton iklannya di tv. Trs saya lgsg coba live chat dg dokternya, responnya baik dan sangat membantu. Trs juga saya sempat baca artikel2 kesehatan disini, highly recommend appsğŸ‘",5
Artikelnya menarik dan sangat mudah dipahami. Sukaaaaaaaaa sekali,5
Konsultasi digitalnya okay banget ! Recommend.,5
"Baru 2 hari coba aplikasi ini, dr yg online dr umum terus, ini aplikasi untuk dr pemula ? ? apa yg spesialis udah sombong ya ? Ga mau gratis untuk konsultasi ? ,ok, bintang 3 buat informasi dr, obat, artikel2 kesehatan.",3
"Tadinya bingung kalo mau tanya penyakit kesiapa, untung ada klikdokter bisa chat sama dokter yg ada. Sukses selaku klik dokter.",5
Sangat membantu apalagi livechatnya,5
"Respon dokter terhadap chat nya cepat ga pake nunggu, pernah iseng coba malem2 jam3an chat & ttp dijawab dgn cepat, mantap bgt ğŸ‘",5
"Untung ada layanan chat, jadi bisa tanya tanya anak saya sakitnya kenapa. Jadi tenang ga was was",5
Its features are very beneficial for the health of our family ğŸ‘,5
"Chat dokter sekitar jam 11 malam, gak lama langsung direspon. Recommended banget deh apps nya. Terimakasih klikDokter.",5
"Aplikasinya membantu banget, saya suka baca artikelnya berguna untuk pengetahuan dalam dunia kesehatan.",5
"keluarga sakit, trus bingung mw jawab apa, skrg bisa lgsg tanyain lewat aplikasi ini.. seneng bgt bisa bantu keluarga, jawaban dokter oke.. jdi berasa ikutan cerdas.. thx KlikDokterğŸ˜‰",5
"Kemarin saya coba chatnya, responnya baik. Sangat terbantu untuk edukasi masalah penyakit yang saya rasakan. Kerenn!!",5
ğŸ‘,5
"Live chat dgn dokter, nice apps ğŸ‘ğŸ‘ğŸ‘ğŸ‘ğŸ‘",5
Aplikasi yang sangat membantu. Terutama fitur direktori obat dan direktori penyakit,5
"Aplikasinya sgt membantu sekali, selain bisa chat sama dokternya, ternyata ada banyak artikel kesehatan yg bisa di baca di apps nya. Cool appsğŸ‘Œ",5
Sangat membantu sekali buat diriku yang mageran ğŸ‘ğŸ‘ğŸ‘,5
Advices from the doctors (live chat) are very helpful. One of them tell me that I have disease and must go to the doctor and predicted that I'll be taken care in hospital. And it's true. It's very helpful because I know my illness earlier and I have preventif action for that,5
"Aplikasi yang banyak manfaatnya menjadi pengetahuan lebih, untuk dokternya fast respon sekali chat langsung di balas dengan baik, ramah dan menyejukan dikala sakit.",5
"This is an incredible app, its encourage me to have a healty life",5
"Respon dokter cepat dan ramah, jawaban juga sangat membantu ğŸ˜ŠğŸ˜Š",5
Sangat membantu,5
Ngga dapat verifikasi kode via sms nya udah berkali kali dicoba.. pulsa pun banyak.,2
Tengah malem chat. Kirain ngga akan direspon dan ternyata direspon dengan cepat dan cukup membantu.. lucky me dapet first impression yg baik.. terima kasih semoga seterusnya tetap memberikan pelayanan yang baik..,5
Great,5
Pusing,3
tengah malam chat dokter langsung direspon. membantu sekali di saat panik melanda.,5
Ok...,5
Easy kah,5
Kenapa saat mau mulai chat dokter aplikasinya jadi kedip2 gitu. Layar hp saya jadi putih dan kedip2,2
At first i want to give it 4 stars because i see at a glance it's very good and has a complete information. But when i want to verify my phone number it fails. I have tried it many times but the result remains the same. So????,1
"jam 2 tengah malam, konsultasi sy dijawab dengan baik..",5
Mohon bisa d update untuk hapus dan copy chat konsultasi dokter..,3
"Baru update, dan fitur live chat tidak bisa digunakan. Aplikasi terus terhenti, padahal sebelumnya sangat membantu sekali. Saya harus bagaimana? Terima kasih",4
Sangat membantu saya..,5
"Dokternya cantik2, jadi betah live chat lama lama",5
"Informasi yg diberikan sangat komprehensif, respon dari dokternya sangat cepat. Bisa menjawab keluhan anda dimanapun dan kapanpun. Cool apps ğŸ™",5
Aplikasi yg sangat berguna dan tips dokter sangat membantu. Sukses terus klikdokter,5
"Konsultasi ke dokternya gratis, trus kalo mau cari informasi obat juga ada, berguna banget bagi saya yang awam mengenai obat . MantabbğŸ‘ğŸ‘",5
Sangat membantu sekali untuk meningkatkan pengetahuan mengenai medis melalui ahlinya,5
Jadi gampang tanya2 sama Dokter..tinggal chat aja di aplikasi ğŸ‘,5
Sangat membantu,5
"Kualitas pelayanannya baik, good job ğŸ‘ğŸ»",5
Sekarang sdh bisa diresepin obat. Engga ada 1 jam uda sampe. Makasih yah KlikDokter. ğŸ™ğŸ˜Š,5
"Konsultasi dengan dokter jadi mudah dan gratis, makasi klik dokter â™¥ #sehatitumudah",5
good,5
good doctor,5
ok,4
"setelah di update tidak bisa konsultasi dengan dokter, mohon segera ditindak lanjuti. terimakasih",3
more and more update ğŸ‘ğŸ‘,5
good,4
Good,5
pertanyaan saya gk di jawab sampai waktunya habis lalu untuk apakah aplikasi ini?,1
baik,5
"aplikasi yg sangat bermanfaat,makasih klikdokter",5
bagus2 artikelnya,4
Respon dokter cepat....!!! Good app !!!,5
Aplikasi Terbaik!!.. Memudahkan mendapatkan segala informasi kesehatan yg terpercaya & terjamin kebenarannya.. Trima kasih Klikdokter app..,5
mantapps,5
"Ini pertama kali saya coba aplikasi ini, responnya cepat dan cukup membantu, apalagi di saat mendadak. Sayangnya dokter yang saya dapat tidak sabaran saat ditanya. Juga akan lebih baik kalau penilaian dari pasien kepada dokter tidak ditampilkan di layar chat yang bisa diketahui oleh dokternya, karena menurut saya bisa memicu pasien tidak memberikan nilai yang jujur.",3
good job,5
canggih nih apps,5
"Aplikasi ini sangat membantu terutama ketika kondisi darurat dan perlu konsultasi segera, dokternya komunikatif, buat saya yang seorang ibu muda (belum banyak pengalaman) aplikasi ini benar-benar bermanfaat.",5
sangat membantu,5
sangat membantu sekali,5
Sangat bermanfaat,5
Sangat bermanfaat,5
good app,5
membantu tp utk respon dokter tdk prnh ada jawaban,1
Sangat bermanfaat,5
bagus,5
saya ada chat responya tidak cepat sudah hampir 20 menit tidak ada respon.. jadi sy unintall saja..,2
"Aplikasi ini keren, sangat membantu. Respon dokter sangat cepat.",5
good service,5
Lama verifikasi emailnya,4
Dokternya koperatif. Enak untuk di ajak sharing dan di minta masukan,5
"Sangat sangat membantu. Apalagi jikka ada sesi diskusi dengan dokternya langsung. Selain bisa bertanya mengenai masalah kesehatan kita, ada juga feature spt kalkulator masa subur, BMI, kehamilan, dsb. Artikelnya juga banyak dan sangat membantu",5
Lama buat terima email verifikasinya.,4
"Sangat membantu, informatif",5
"ringkas, informasi nya substantif",4
Great app,5
Sebuah apps bagus utk pengetahuan kesehatan. Karena ada dokter yg benar benar ahli dalam bidangnya. Sukses terus klikdokter,5
this application so work it for me,5
ğŸ’œğŸ’œğŸ’œğŸ’œğŸ’œ,5
"This app very recommended. Sangat membantu sekali untuk masyarakat yg ingin berkonsultasi seputar kesehatan. Terimakasih untuk semua dokter, sukses selalu untuk kalian.",5
"Aplikasinya bagus, dokternya ramah. Saya menanyakan seputar penyakit dalam alhamdulillah sangat membantu :)",5
Sangat membantu terima kasih buat aplikasinya..,5
Interesting banget,5
Sangat membantu saya Dan keluarga mencari info2 tentang kesehatan ğŸ˜ŠğŸ‘,5
"Aplikasi ini sangat membantu, responnya juga cepat banget",5
"Maaf ya bintang 1 soalnya kecewa sih, terutama soal adanya waktu chat dan 
minimnya pilihan dokter untuk berkonsultasi. Pertama coba chat udah ngetik 
panjang lebar cuma D aja sampai sesi berakhir padahal ada dokter yg online. 
Melototin kayar chat selama setengah jam buat nunggu balesan bukan wakti yg 
sebentar ya tp sy ttp nunggu. Akhirnya sesi chat berakhir sia2 tanpa 
jawaban. Chat yg idah kita ketik panjang dan lebar juga hilang, harusnya 
ada riwayat chat supaya ga perlu ngetik lago di sesi chat yg baru. Di sesi 
yg baru sempat di balas sama dokternya, tapi maaf jawabannya tidak 
membantu, jawabnya singkat2 dan tidak jelas.",1
"Nice apps...easy to use, very informative and nice doctors in terms of 
responding our related questions and concerns",5
Ngebantu banget nih app buat nyari tau anak gua sakit apa. Keren!,5
"Sangat membantu untuk mendapat info kesehatan secara cepat. Artikel 
kesehatan sgt bervariasi dan informatif. Fitur Live Chat dokternya sangat 
oke..",5
Balasan chat dokternya cepat sekali..terimakasih,5
"Sangat bermanfaat, konsultasi selalu cepat direspon",5
"App nya bagus banget. Dokternya jawabnya cepat dan gratis lagi. Mantap 
banget pokoknya..",5
"Bagus banget. Dokter nya cepet tanggap banget. Baik hati. Dan gratis tis 
tis lagiiii. Sangat membantu",5
"tidak bisa keliatan pesan chat live kita dengan dokter .setelah chat 
terkirim chat kita hilang. setelah 30 menit sesi waktu chat live dgn dokter 
baru bisa di lihat chat kita dan balasan dokter itu pun .di riwayat pesan. 
di perbaiki yah",4
"Login gagal terus, fitur lupa akun juga gak bisa. Jadi gak bisa chat dgn 
dokter. Tolong segera diperbaiki ya :)",2
Terbaique,5
"Informasi mengenai seputar kesehatan selalu update, recomended dan sangat bermanfaat bagi saya. ğŸ‘ğŸ‘ğŸ‘",5
sipp chat respon cepat,4
Good service and quick responsğŸ¤—,5
Kecewa......kgk bs login,1
Respond lambat..,2
"Awalnya saya tertarik, tetapi setelah menginstall  mendaftarnya  susah gak bisaÂ², saya sudah masukkan semua data dengan benar tetapi dianggap tidak valid, akhirnya saya kecewa..",1
No Doctor. I give the best for you. 1 start,1
Sudah ada perubahan yg lebih baik. Pasang iklan di stasiun kereta dong,5
Okay honey,5
Love it,5
Why this app let me wait for a long time without the doctor's response,1
Awesome,5
Cepat Tanggap. Chat cepat,5
"Good apps, helps me consult about my personal health",5
"Lemot n sering crash di asuz zenfone 2, tolong di perbaiki",1
Sangat membantu,5
Fitur pencarian artikel gak ada lagi ya?,5
Nanti saya yang jadi dokter ya aamiinğŸ˜†,5
Suka bgtğŸ’• dri BBM channel lgsg download appsnya. sangat bermanfaat!!,5
Klikdokter always gives some advices on social media â˜ºğŸ‘,1
very good,5
Cool aps,4
sangat bermanfaat untuk orang yang awam,5
Menyertakan sajian cara masakan sehat,4
Tim dokter nya cepat jawab :),5
Setelah update ke versi baru jadi ok banget. Mudah2an ke depannya bisa livechat langsung di appnya.,5
More detail information again,5
Awesome apps!,5
Great apps! Artikel kesehatannya bagus-bagus,5
Trusted,5
Sangat membantu,4
Artikelnya sangat bermanfaat... Designnya baru ya.. keren ğŸ˜,5
Aplikasinya sangat membantu pola hidup sehat keluarga kami..,5
"Bisa live chat setiap saat, dokternya ramah dan sangat membantu.",5
"Aplikasinya keren, banyak artikel kesehatan dan bisa live chat sama dokter..woow bangett",5
"cintaaa bgt sm apps ini, serasa punya dokter pribadi yg siap ditanya kapanpun",5
"Log in nya cepet bgt.. Aplikasinya berguna, banyak ilmu dan tips kesehatan yg bisa digunain sehari2. Bisa live chat juga sm dokter, kereennnn..",5
Oke bangets artikelnya,5
Sangat membantu...,5
Tidak bisa login baik dari web maupun dari program.. mengecewakan...,1
Tidak berfungsi. Mau login mestu kesalahan jaringan,1
Useless app,1
App dev is disgustingly unskilled.,1
aplikasi yg terlalu banyak iklannya,1
"Mohon bantuannya untuk menampilkan pilihan kecamatan yg ada di Gresik, Jawa Timur agar saya bisa registrasi di aplikasi. Makasih",2
"Gak bisa di akses! Downloading mulu, yg muncul cm advertisingnya aja",2
Mau nanya dokter malah kesalahan jaringan mulu padahal jaringan 4g,1
Semoga bisa membamtu orang banyak,5
"Selali gagal registrasi, Sudah lama, di coba lagi masih gagal, niat gak nih bikin aplikasi",1
"Aplikasi GOBLOK!!! ,  Log in gagal registrasi terus, sudah buat akun dan verifikasi masih belum bisa masuk,  Log in pakai FB juga tidak bisa!!! Hapus saja program ini,  menyesakkan Playstore saja!!! Interface Web juga bnyak gambarnya daripada isinya!!  Tidak ad kotak saran lagi!!! Program pemerintah mesti banyak gagalnya daripada berhasilnya!! Tutup en ae Program e,  gak guna!!!",1
Selalu gagal registrasi !,1
selalu kesalahan jaringan. anehnya kalo ada masalah jaringan kok loading adsnya bagus2 aja yaa....,1
"aplikasi yg bagus, gak perlu repot2 cari di internet. itu dulu. sekarang aplikasi ini sering force close, tolong di update :)",3
"Suka sekali dgn aplikasi kesehatan ini lengkap & update.,semoga ke depanx bisa lebih baik dgn inovasi2 barux..sukses terus yak ğŸ‘ğŸ‘Œ",5
Thanks,5
"Very usefull aps, thx somuch..",5
Liked it,4
"Katanya masalah di jaringan terus, gabisa masuk ke rubrik spesialis",2
mohon bantuanya dok tentang kesehatan. maternuwun pak / bu dokter,5
Best app,5
Dari bbm channel sampe downlod appsnya,5
Lets get the doctor,5
usefull! nice app,5
Yes,4
Finally,3
"Hallo, kenapa ya setiap mau live chat, slalu ada jadwalnya :(",3
"membantu sekali, terima kasih",5
Ok,5
Semoga berkah ilmunya dok,5
Makasih dok,5
terima kasih banyak,5
Sangat bermanfaat.. thanks klikdokter,5
"Pengetahuan kesehatan masyarakat Indonesia masih sangat rendah, aplikasi ini sangat membantu untuk memberikan pengetahuan kesehatan menuju Indonesia Sehat",5
Terima kasih banyak,5
"Tinggal ""klik""! Aplikasi yang membuat kita semua bisa lebih mudah mendapatkan informasi kesehatan terpercaya dan lebih mudah berkonsultasi dengan dokter.",5
Bagus banget.. sangat bermanfaat dan mudah digunakan..,5
Membantu banget buat cari-cari info kesehatan!,5
"Very useful, complete info...thanks Dok",5
"I love the Tanya Dokter feature. Informative and competence, most of all.. ITS FREE",5
Its soo usefull! Thankss!,5
